Store Name,City,State,Country,Territory,Instagram,Email,Phone,Website,Warm Lead,Outreach Status,Date Added
UNKNWN Miami,Miami,FL,USA,Southeast,@unknwn,,,https://unknwn.com,No,Not Contacted,2026-04-21
SoleFly South Miami,Miami,FL,USA,Southeast,@solefly,,305-661-3423,https://solefly.com,No,Not Contacted,2026-04-21
Survival Miami,Miami,FL,USA,Southeast,@survivalmiami,info@survivalmiami.com,(786) 705-3777,https://survivalmiami.com,No,Not Contacted,2026-04-21
BASE Miami,Miami (Wynwood),FL,USA,Southeast,@basemiami,,,,No,Not Contacted,2026-04-21
Sniper Gang Hotbox,Miami,FL,USA,Southeast,@snipergang,,,,No,Not Contacted,2026-04-21
ReUp Miami,Miami,FL,USA,Southeast,@reupmiami,,,,No,Not Contacted,2026-04-21
D-Koncept,Miami,FL,USA,Southeast,@dkoncept_,,,,No,Not Contacted,2026-04-21
Lower East Coast,Miami,FL,USA,Southeast,@lowereastcoastmiami,,,,No,Not Contacted,2026-04-21
Cool J's,Miami,FL,USA,Southeast,@cooljsmiami,,,,No,Not Contacted,2026-04-21
Wynwood Shop | Your One Stop Shop For All Things Wynwood,Wynwood,FL,USA,Southeast,@wynwoodshop,info@wynwoodshop.com,,https://ynwoodshop.com,No,Not Contacted,2026-04-21
305 Streetwear,Miami,FL,USA,Southeast,@305streetwear,,,https://305streetwear.com,No,Not Contacted,2026-04-21
The Webster LA,Los Angeles,CA,USA,West,@thewebster,,(323) 272-1165,https://thewebster.us,No,Not Contacted,2026-04-21
Supply & Advise,Miami Beach,FL,USA,Southeast,@supplyandadvise,,,https://supplyandadvise.com,No,Not Contacted,2026-04-21
Addict Miami,Miami (Wynwood),FL,USA,Southeast,@addictmiami,,,,No,Not Contacted,2026-04-21
Villain SKU,Miami,FL,USA,Southeast,@villain.sku,,,,No,Not Contacted,2026-04-21
Local Motion Miami,Miami,FL,USA,Southeast,@localmotionmiami,,,,No,Not Contacted,2026-04-21
The Sneaker Don,Miami,FL,USA,Southeast,@thesneakerdonmiami,,,,No,Not Contacted,2026-04-21
Miami Thread,Miami,FL,USA,Southeast,@miamithread,,,,No,Not Contacted,2026-04-21
Kicks Miami,Miami,FL,USA,Southeast,@kicksmiami,,,,No,Not Contacted,2026-04-21
Elite Kicks Miami,Miami,FL,USA,Southeast,@elitekicksmiami,,,,No,Not Contacted,2026-04-21
Fresh Prince Kicks,Miami,FL,USA,Southeast,@freshprincekicks,,,,No,Not Contacted,2026-04-21
786 Sneakers,Miami,FL,USA,Southeast,@786sneakers,,,,No,Not Contacted,2026-04-21
SBRK (Streetbreak),Miami,FL,USA,Southeast,@sbrk_miami,,,,No,Not Contacted,2026-04-21
Overdose Miami,Miami (Wynwood),FL,USA,Southeast,@overdosemiami,,,,No,Not Contacted,2026-04-21
Streetwear Exchange,Miami,FL,USA,Southeast,@streetwearexchangemiami,,,,No,Not Contacted,2026-04-21
Kicks Factory,Miami,FL,USA,Southeast,@kicksfactorymiami,,,,No,Not Contacted,2026-04-21
SneakerHead Miami,Miami,FL,USA,Southeast,@sneakerheadmiami,,,,No,Not Contacted,2026-04-21
Concepts Miami,Miami,FL,USA,Southeast,@cncpts,,,https://cncpts.com,No,Not Contacted,2026-04-21
Hialeah Kicks,Hialeah,FL,USA,Southeast,@hialehakicks,,,,No,Not Contacted,2026-04-21
North Miami Beach Streetwear,North Miami Beach,FL,USA,Southeast,@nmbstreetwear,,,,No,Not Contacted,2026-04-21
Aventura Kicks,Aventura,FL,USA,Southeast,@aventurakicks,,,,No,Not Contacted,2026-04-21
Sneaker Circle,Hollywood,FL,USA,Southeast,@sneakercircle,,,,No,Not Contacted,2026-04-21
The Plug HTB,Hollywood,FL,USA,Southeast,@theplughtb,,,,No,Not Contacted,2026-04-21
Hallandale Kicks,Hallandale Beach,FL,USA,Southeast,@hallandalekicks,,,,No,Not Contacted,2026-04-21
The Vault FL,Fort Lauderdale,FL,USA,Southeast,@vault.fl,,954-882-7481,https://thevaultfl.com,No,Not Contacted,2026-04-21
Knotty Boy,Fort Lauderdale,FL,USA,Southeast,@knottyboyfitments,,,,No,Not Contacted,2026-04-21
Broward Thread,Fort Lauderdale,FL,USA,Southeast,@browardthread,,,,No,Not Contacted,2026-04-21
Dope City Apparel,Fort Lauderdale,FL,USA,Southeast,@dopecityapparel,,,,No,Not Contacted,2026-04-21
Lucre,Pompano Beach,FL,USA,Southeast,@lucreindustries,,,https://lucreindustries.com,No,Not Contacted,2026-04-21
The Hook Up,Pompano Beach,FL,USA,Southeast,@thehookupfl,,,,No,Not Contacted,2026-04-21
Cr8tive Outfitters,Pompano Beach,FL,USA,Southeast,@cr8tiveoutfitters,,,,No,Not Contacted,2026-04-21
Sneaker Lovers,Pompano Beach,FL,USA,Southeast,@sneakerloversfl,,,,No,Not Contacted,2026-04-21
Soul Society Boutique,Pompano Beach,FL,USA,Southeast,@soulsocietyboutique,,,,No,Not Contacted,2026-04-21
Boca Kickz,Boca Raton,FL,USA,Southeast,@bocakickz,,,,No,Not Contacted,2026-04-21
Fresh Kicks Boca,Boca Raton,FL,USA,Southeast,@freshkicksboca,,,,No,Not Contacted,2026-04-21
Delray Kicks,Delray Beach,FL,USA,Southeast,@delraykicks,,,,No,Not Contacted,2026-04-21
Palm Beach Streetwear,West Palm Beach,FL,USA,Southeast,@palmbeachstreetwear,,,,No,Not Contacted,2026-04-21
SoleCity WPB,West Palm Beach,FL,USA,Southeast,@solecitywpb,,,,No,Not Contacted,2026-04-21
The Hookup WPB,West Palm Beach,FL,USA,Southeast,@thehookupwpb,,,,No,Not Contacted,2026-04-21
Lake Worth Threads,Lake Worth,FL,USA,Southeast,@lakewortththreads,,,,No,Not Contacted,2026-04-21
Riviera Beach Kicks,Riviera Beach,FL,USA,Southeast,@rivierabeachkicks,,,,No,Not Contacted,2026-04-21
Boynton Beach Kicks,Boynton Beach,FL,USA,Southeast,@boyntonbeachkicks,,,,No,Not Contacted,2026-04-21
Men's Closet,Orlando,FL,USA,Southeast,@mensclosetorlando,,(407) 578-4878,https://mensclosetclothing.com,No,Not Contacted,2026-04-21
Aphonics Kicks (Florida Mall),Orlando,FL,USA,Southeast,@aphonicss,,(321) 247-5020,https://aphonicss.com,No,Not Contacted,2026-04-21
A Sneaker City,Orlando,FL,USA,Southeast,@asneakercityorlando,,,,No,Not Contacted,2026-04-21
The Bodega Vintage/Streetwear,Orlando,FL,USA,Southeast,@TheBodegaOrlando,,,,No,Not Contacted,2026-04-21
Culture of Fame,Tampa,FL,USA,Southeast,@cultureoffame,,(813) 769-9287,https://cultureoffame.com,No,Not Contacted,2026-04-21
813 Designer World,Tampa,FL,USA,Southeast,,,(813) 252-8585,https://813designerworld.com,No,Not Contacted,2026-04-21
FLY,Tampa,FL,USA,Southeast,,,(813) 853-6712,,No,Not Contacted,2026-04-21
Entourage Streetwear | Premium Streetwear and Shoes,Tampa,FL,USA,Southeast,@font,,,https://entouragestreetwear.com,No,Not Contacted,2026-04-21
Secured Tampa,Lutz,FL,USA,Southeast,@securedtampa,,,https://securedtampa.com,No,Not Contacted,2026-04-21
Hotbins Tampa,Tampa,FL,USA,Southeast,@hotbinstampa,,(813) 915-5771,https://hotbins.com,No,Not Contacted,2026-04-21
Impossible Kicks Tampa,Tampa,FL,USA,Southeast,@impossiblekicks,,,https://impossiblekicks.com,No,Not Contacted,2026-04-21
Fresh Rags FL - Streetwear Clothes & Footwear Store,Tampa,FL,USA,Southeast,@freshrags,info@freshragsfl.com,,https://freshragsfl.com,No,Not Contacted,2026-04-21
Matter of Fact,St. Petersburg,FL,USA,Southeast,@shopmatteroffact,,,https://shopmatteroffact.com,No,Not Contacted,2026-04-21
Soleciety Sneaker Boutique,Wesley Chapel,FL,USA,Southeast,@solecietyshop,,,https://solecietyshop.com,No,Not Contacted,2026-04-21
OG Unlaced Sneaker Store,Sarasota,FL,USA,Southeast,@ogs_unlaced,,(740) 278-6770,https://ogunlaced.com,No,Not Contacted,2026-04-21
Urban Culture Boutique,Sarasota,FL,USA,Southeast,,,,https://shopurbanculture.com,No,Not Contacted,2026-04-21
Graffiti SRQ,Sarasota,FL,USA,Southeast,,,,https://graffitisrq.com,No,Not Contacted,2026-04-21
T. Georgiano's Boutique,Sarasota,FL,USA,Southeast,@tgeorgianos,,(941) 870-3727,https://tgeorgianos.com,No,Not Contacted,2026-04-21
Hyped Lounge,Sarasota,FL,USA,Southeast,@hyped_lounge,,,,No,Not Contacted,2026-04-21
Sole Culture,Sarasota,FL,USA,Southeast,@soleculturej,,,,No,Not Contacted,2026-04-21
Verified Sneaker Boutique,Fort Myers,FL,USA,Southeast,@verifiedfm,,(856) 655-2353,https://verifiedfm.com,No,Not Contacted,2026-04-21
Steps Shoe Retailer,Fort Myers,FL,USA,Southeast,,,,https://stepsshoeretailer.com,No,Not Contacted,2026-04-21
IN-STOCK Sneakers,Gainesville,FL,USA,Southeast,@in_stocksneakers,,(352) 888-3715,https://in-stocksneakers.com,No,Not Contacted,2026-04-21
Timeless Sneaker Boutique (The Avenues),Jacksonville,FL,USA,Southeast,@timelesssneakerboutique,,(904) 672-7707,https://timeless-sneakers.com,No,Not Contacted,2026-04-21
APB Sneaker + Apparel Boutique,Jacksonville,FL,USA,Southeast,@apbsneakerboutique,,(904) 619-2987,https://apbstore.com,No,Not Contacted,2026-04-21
Soul2Sole,Jacksonville,FL,USA,Southeast,@soul2solejax,,(904) 999-8551,,No,Not Contacted,2026-04-21
Leveled Up Sneaker Boutique (Jax Beach),Jacksonville Beach,FL,USA,Southeast,@leveledupjaxbeach,,,https://leveledupstore.com,No,Not Contacted,2026-04-21
Onassis Krown,Jacksonville,FL,USA,Southeast,@onassiskrown,,,https://onassiskrown.com,No,Not Contacted,2026-04-21
Strange CVLT,Jacksonville,FL,USA,Southeast,,,,https://strangecvlt.com,No,Not Contacted,2026-04-21
The Hype Section,St. Augustine,FL,USA,Southeast,@thehypesection,,(904) 840-1892,,No,Not Contacted,2026-04-21
KicksFromFlorida,Gainesville,FL,USA,Southeast,@kicksfromflorida,,,,No,Not Contacted,2026-04-21
City Gear,Tallahassee,FL,USA,Southeast,,,,https://citygear.com,No,Not Contacted,2026-04-21
Backstage Boutique,Pensacola,FL,USA,Southeast,@backstageboutique,,(850) 607-0292,,No,Not Contacted,2026-04-21
Garden Street Vintage,Pensacola,FL,USA,Southeast,@gardenstreetvtg,,,,No,Not Contacted,2026-04-21
Coastal Kicks,Fort Walton Beach,FL,USA,Southeast,@coastalkicksfwb,,(850) 200-0699,https://shopcoastalkicks.com,No,Not Contacted,2026-04-21
Awoken Kicks,Panama City Beach,FL,USA,Southeast,@awoken__kicks,,,https://awokenkicks.com,No,Not Contacted,2026-04-21
Blends - Downtown LA,Los Angeles,CA,USA,West,@blendsus,,(714) 477-0628,https://blendsus.com,No,Not Contacted,2026-04-21
Stores,Miami,FL,USA,Southeast,@supremenewyork.com,web@supremenewyork.com,215052-1140,https://supreme.com,No,Not Contacted,2026-04-21
Brain Dead,Los Angeles,CA,USA,West,@braindead,,,https://braindead.world,No,Not Contacted,2026-04-21
UNION Los Angeles,Los Angeles,CA,USA,West,@unionlosangeles,,,https://unionlosangeles.com,No,Not Contacted,2026-04-21
The Hundreds,Los Angeles,CA,USA,West,@thehundreds,,,https://thehundreds.com,No,Not Contacted,2026-04-21
Born x Raised,Los Angeles,CA,USA,West,@bornxraised,,,https://bxr.la,No,Not Contacted,2026-04-21
Pleasures,Los Angeles,CA,USA,West,@pleasures,,,https://pleasures.us,No,Not Contacted,2026-04-21
Babylon LA,Los Angeles,CA,USA,West,@babylonla,,,https://babylonla.com,No,Not Contacted,2026-04-21
Stüssy,Seattle,WA,USA,West,@stussy,support@stussy.com,,https://stussy.com,No,Not Contacted,2026-04-21
Sportie LA,Los Angeles,CA,USA,West,@sportiela,,(323) 655-3137,https://sportiela.com,No,Not Contacted,2026-04-21
Maxfield LA,West Hollywood,CA,USA,West,@maxfieldla,,,https://maxfieldla.com,No,Not Contacted,2026-04-21
H Lorenzo,West Hollywood,CA,USA,West,@hlorenzo,,(310) 855-0030,https://hlorenzo.com,No,Not Contacted,2026-04-21
424,Los Angeles,CA,USA,West,@424,,,https://424online.com,No,Not Contacted,2026-04-21
Stampd,Los Angeles,CA,USA,West,@stampd,,,https://stampd.com,No,Not Contacted,2026-04-21
Round Two Vintage,Los Angeles,CA,USA,West,@roundtwovintage,,,https://roundtwovintage.com,No,Not Contacted,2026-04-21
American Rag Cie,Los Angeles,CA,USA,West,@americanragcie,,,https://amrag.com,No,Not Contacted,2026-04-21
Carre WeHo,West Hollywood,CA,USA,West,@carrewh,,,https://carrewh.com,No,Not Contacted,2026-04-21
Chrome Hearts LA,West Hollywood,CA,USA,West,@chromehearts,,(310) 659-8625,https://chromehearts.com,No,Not Contacted,2026-04-21
CLSC LA,Los Angeles,CA,USA,West,@clscworldwide,,,https://clscworldwide.com,No,Not Contacted,2026-04-21
Crooks & Castles,Los Angeles,CA,USA,West,@crooksncastles,,,https://crooksncastles.com,No,Not Contacted,2026-04-21
LRG,Los Angeles,CA,USA,West,@lrgclothing,,,https://lrgclothing.com,No,Not Contacted,2026-04-21
BAIT Las Vegas,Las Vegas,NV,USA,West,@baitme,,(702) 589-2248,https://baitme.com,No,Not Contacted,2026-04-21
Off The Hook SD,San Diego,CA,USA,West,@offthehooksd,,(619) 291-2099,https://offthehooksd.com,No,Not Contacted,2026-04-21
Social Status San Diego,San Diego,CA,USA,West,@socialstatusshop,,,https://socialstatusshop.com,No,Not Contacted,2026-04-21
Anchor & Bridge,San Diego,CA,USA,West,@anchorandbridge,,(619) 255-3690,https://anchorandbridge.com,No,Not Contacted,2026-04-21
Bodega Skateboards SD,San Diego,CA,USA,West,@bodegaskate,,(619) 544-1516,,No,Not Contacted,2026-04-21
Endemic Surf SD,San Diego,CA,USA,West,@endemicsurf,,(619) 334-7873,https://endemicsurf.com,No,Not Contacted,2026-04-21
HUF San Francisco,San Francisco,CA,USA,West,@hufworldwide,,(415) 551-0383,https://hufworldwide.com,No,Not Contacted,2026-04-21
FTC Skateboarding,San Francisco,CA,USA,West,@ftcskate,,(415) 553-8900,https://ftcskate.com,No,Not Contacted,2026-04-21
Upper Playground SF,San Francisco,CA,USA,West,@upperplayground,,,https://upperplayground.com,No,Not Contacted,2026-04-21
DLX Superfunk,San Francisco,CA,USA,West,@dlxsf,,(415) 626-1627,https://dlxsf.com,No,Not Contacted,2026-04-21
Archive SF,San Francisco,CA,USA,West,@archivesf,,(415) 861-2004,https://archivesf.com,No,Not Contacted,2026-04-21
Kicks Lab SF,San Francisco,CA,USA,West,@kickslab,,,https://kickslab.com,No,Not Contacted,2026-04-21
Wasteland SF,San Francisco,CA,USA,West,@shopwasteland,,(415) 863-3150,https://shopwasteland.com,No,Not Contacted,2026-04-21
Sneaker Politics Oakland,Oakland,CA,USA,West,@sneakerpolitics,,,https://sneakerpolitics.com,No,Not Contacted,2026-04-21
BnB Kicks Oakland,Oakland,CA,USA,West,@bnbkicks,,(510) 452-0100,,No,Not Contacted,2026-04-21
Shoe Game Oakland,Oakland,CA,USA,West,@shoegameoakland,,,,No,Not Contacted,2026-04-21
Oaktown Kicks,Oakland,CA,USA,West,@oaktownkicks,,,,No,Not Contacted,2026-04-21
Sole Supremacy,San Jose,CA,USA,West,@solesupremacy,,(408) 800-4950,https://solesupremacy.com,No,Not Contacted,2026-04-21
West Coast Kicks,San Jose,CA,USA,West,@westcoastkicks,,,,No,Not Contacted,2026-04-21
Solestop Sacramento,Sacramento,CA,USA,West,@solestop,,,https://solestop.com,No,Not Contacted,2026-04-21
Sole Addicts,Sacramento,CA,USA,West,@soleaddicts,,,https://soleaddicts.com,No,Not Contacted,2026-04-21
Kicks and Threads,Sacramento,CA,USA,West,@kicksandthreadsca,,,,No,Not Contacted,2026-04-21
Sneaker Junkies,Fresno,CA,USA,West,@sneakerjunkies,,,,No,Not Contacted,2026-04-21
Heat Wave CV,Fresno,CA,USA,West,@heatwavecv,,,,No,Not Contacted,2026-04-21
GOAT Los Angeles,Los Angeles,CA,USA,West,@goatapp,,,,No,Not Contacted,2026-04-21
Jimmy Jazz,Los Angeles,CA,USA,West,@jimmyjazz,,,https://jimmyjazz.com,No,Not Contacted,2026-04-21
Villa Clothing,Los Angeles,CA,USA,West,@villaclothing,,,https://villaclo.com,No,Not Contacted,2026-04-21
Shoe City LA,Los Angeles,CA,USA,West,@shoecityusa,,,https://shoecityusa.com,No,Not Contacted,2026-04-21
Vans Venice Beach,Venice Beach,CA,USA,West,@vans,,(310) 305-9940,https://vans.com,No,Not Contacted,2026-04-21
Carnival Shoes,Los Angeles,CA,USA,West,,,(323) 936-4220,https://carnivalshoes.com,No,Not Contacted,2026-04-21
Hoop City,Los Angeles,CA,USA,West,@hoopcityla,,(323) 731-9008,,No,Not Contacted,2026-04-21
Kitson Beverly Hills,Beverly Hills,CA,USA,West,@kitsonlosangeles,,(310) 859-2652,https://shopkitson.com,No,Not Contacted,2026-04-21
Fred Segal Santa Monica,Santa Monica,CA,USA,West,@fredsegal,,(310) 256-6110,https://fredsegal.com,No,Not Contacted,2026-04-21
New Era Flagship LA,Los Angeles,CA,USA,West,@neweracap,,(213) 683-0970,https://neweracap.com,No,Not Contacted,2026-04-21
Proper Footwear Long Beach,Long Beach,CA,USA,West,@proper,,(562) 433-1500,https://proper.la,No,Not Contacted,2026-04-21
Sole Collector LA,Los Angeles,CA,USA,West,@solecollector,,,https://solecollector.com,No,Not Contacted,2026-04-21
The RealReal LA,Los Angeles,CA,USA,West,@therealreal,,(888) 737-4273,,No,Not Contacted,2026-04-21
Cross Colours LA,Los Angeles,CA,USA,West,@crosscolours,,,https://crosscolours.com,No,Not Contacted,2026-04-21
Gauntlet Gallery,Los Angeles,CA,USA,West,@gauntletgallery,,(323) 904-9039,,No,Not Contacted,2026-04-21
UNIF LA,Los Angeles,CA,USA,West,@unif,,,https://unif.com,No,Not Contacted,2026-04-21
Feature LV Chinatown,Las Vegas,NV,USA,West,@featuresnkrs,,(702) 489-6060,https://feature.com,No,Not Contacted,2026-04-21
Fruition Las Vegas,Las Vegas,NV,USA,West,@fruitionlv,,(702) 202-0170,https://fruitionlv.com,No,Not Contacted,2026-04-21
Urban Necessities Las Vegas,Las Vegas,NV,USA,West,@urban_necessities,,(702) 570-0005,https://urbannecessities.com,No,Not Contacted,2026-04-21
Waves Las Vegas,Las Vegas,NV,USA,West,@waveslasvegas,,(702) 425-9350,https://earewaves.com,No,Not Contacted,2026-04-21
Keep New York Everywhere LV,Las Vegas,NV,USA,West,@keepnewyorkeverywhere,,(702) 998-6969,https://keepnewyorkeverywhere.com,No,Not Contacted,2026-04-21
DTLV Collective,Las Vegas,NV,USA,West,@dtlvcollective,,(702) 830-4920,https://dtlvcollective.com,No,Not Contacted,2026-04-21
Hype Exclusive LV,Las Vegas,NV,USA,West,@hypeexclusivelv,,(702) 333-3545,,No,Not Contacted,2026-04-21
LV Kicks 702,Las Vegas,NV,USA,West,@lvkicks702,,(702) 560-4330,,No,Not Contacted,2026-04-21
Kicks Henderson,Henderson,NV,USA,West,@kickshenderson,,(702) 450-8880,,No,Not Contacted,2026-04-21
Fresh Kicks North Las Vegas,North Las Vegas,NV,USA,West,@freshkicksnlv,,(702) 642-0900,,No,Not Contacted,2026-04-21
Sneaker Pawn Reno,Reno,NV,USA,West,@sneakerpawnreno,,(775) 200-5290,,No,Not Contacted,2026-04-21
Limited Reno,Reno,NV,USA,West,@limitedreno,,(775) 287-0434,,No,Not Contacted,2026-04-21
Kicks Paradise LV,Paradise,NV,USA,West,@kicksparadise,,(702) 438-4242,,No,Not Contacted,2026-04-21
Vintage 702 Las Vegas,Las Vegas,NV,USA,West,@vintage702lv,,,,No,Not Contacted,2026-04-21
Sole Food Vegas,Las Vegas,NV,USA,West,@solefoodvegas,,(702) 388-8040,,No,Not Contacted,2026-04-21
WaveRunner LV,Las Vegas,NV,USA,West,@waverunnerlv,,(702) 755-3370,,No,Not Contacted,2026-04-21
TROPHY ROOM STORE,Orlando,FL,USA,Southeast,@trophyroomstore,contact@trophyroomstore.com,,https://trophyroomstore.com,No,Not Contacted,2026-04-21
OFF-WHITE Las Vegas Forum,Las Vegas,NV,USA,West,@off____white,,,https://off---white.com,No,Not Contacted,2026-04-21
Sneaker Plug Vegas,Las Vegas,NV,USA,West,@sneakerplugvegas,,,,No,Not Contacted,2026-04-21
Street Force ABQ,Albuquerque,NM,USA,Southwest,@streetforceabq,,(505) 875-0450,,No,Not Contacted,2026-04-21
Vault ABQ,Albuquerque,NM,USA,Southwest,@vaultabq,,(505) 433-9090,,No,Not Contacted,2026-04-21
Culture ABQ 505,Albuquerque,NM,USA,Southwest,@cultureabq505,,(505) 503-4455,,No,Not Contacted,2026-04-21
ABQ Kicks,Albuquerque,NM,USA,Southwest,@abqkicks,,(505) 884-5300,,No,Not Contacted,2026-04-21
Urban Threads Nob Hill ABQ,Albuquerque,NM,USA,Southwest,@urbanthreadsabq,,(505) 265-5700,,No,Not Contacted,2026-04-21
The Shop ABQ,Albuquerque,NM,USA,Southwest,@theshopabq,,(505) 314-0780,,No,Not Contacted,2026-04-21
New Mexico Dry Goods,Albuquerque,NM,USA,Southwest,@nmdrygoods,,(505) 266-5050,https://nmdrygoods.com,No,Not Contacted,2026-04-21
Sole ABQ,Albuquerque,NM,USA,Southwest,@soleabq,,(505) 232-7653,,No,Not Contacted,2026-04-21
Duke City Kicks,Albuquerque,NM,USA,Southwest,@dukecitykicks,,(505) 262-1100,,No,Not Contacted,2026-04-21
Kicks 505 ABQ,Albuquerque,NM,USA,Southwest,@kicks505nm,,(505) 503-8800,,No,Not Contacted,2026-04-21
Supply and Demand Santa Fe,Santa Fe,NM,USA,Southwest,@supplydemandsf,,(505) 670-4487,,No,Not Contacted,2026-04-21
Thread Santa Fe,Santa Fe,NM,USA,Southwest,@threadsantafe,,(505) 982-1585,,No,Not Contacted,2026-04-21
Kicks Rio Rancho,Rio Rancho,NM,USA,Southwest,@kicksriorancho,,(505) 892-5530,,No,Not Contacted,2026-04-21
Sole-idarity Las Cruces,Las Cruces,NM,USA,Southwest,@solelidaritylc,,(575) 524-0320,,No,Not Contacted,2026-04-21
Urban Native Las Cruces,Las Cruces,NM,USA,Southwest,@urbannativelc,,(575) 523-4489,,No,Not Contacted,2026-04-21
Kicks Roswell,Roswell,NM,USA,Southwest,@kicksroswell,,(575) 622-3378,,No,Not Contacted,2026-04-21
Step Up Farmington,Farmington,NM,USA,Southwest,@stepupfarmington,,(505) 325-3411,,No,Not Contacted,2026-04-21
Taos Shoe Company,Taos,NM,USA,Southwest,@taosshoe,,(575) 758-3535,https://taosshoeco.com,No,Not Contacted,2026-04-21
Wired Taos,Taos,NM,USA,Southwest,@wiredtaos,,(575) 758-3799,,No,Not Contacted,2026-04-21
The Hop Shop Taos,Taos,NM,USA,Southwest,@thehopshoptaos,,,,No,Not Contacted,2026-04-21
Supply and Demand ABQ,Albuquerque,NM,USA,Southwest,@supplydemandabq,,(505) 262-0044,,No,Not Contacted,2026-04-21
Nob Hill Sneakers,Albuquerque,NM,USA,Southwest,@nobhillsneakers,,(505) 266-7743,,No,Not Contacted,2026-04-21
Sole Street Shoes Denver,Denver,CO,USA,West,@solestreetshoes,,(720) 328-2200,,No,Not Contacted,2026-04-21
Colfax Athletic Denver,Denver,CO,USA,West,@colfaxathletic,,(303) 832-5555,,No,Not Contacted,2026-04-21
The Shoebox Denver,Denver,CO,USA,West,@theshoeboxdenver,,(303) 295-7463,,No,Not Contacted,2026-04-21
Fresh Denim Denver,Denver,CO,USA,West,@freshdenimco,,(720) 328-3080,,No,Not Contacted,2026-04-21
Level Denver,Denver,CO,USA,West,@leveldenver,,(303) 399-6070,,No,Not Contacted,2026-04-21
Kicker Denver RiNo,Denver,CO,USA,West,@kickerdenver,,(303) 534-5470,,No,Not Contacted,2026-04-21
Aviator Nation Cherry Creek,Denver,CO,USA,West,@aviatornation,,(303) 395-7170,https://aviatornation.com,No,Not Contacted,2026-04-21
Sneaker Plug Denver,Denver,CO,USA,West,@sneakerplugdenver,,,,No,Not Contacted,2026-04-21
Denver Kicks,Denver,CO,USA,West,@denverkicks,,(720) 639-4520,,No,Not Contacted,2026-04-21
Oak Street Bootmakers Denver,Denver,CO,USA,West,@oakstreetbootmakers,,(303) 355-2000,https://oakstreetbootmakers.com,No,Not Contacted,2026-04-21
Innersection Boulder,Boulder,CO,USA,West,@innersectionboulder,,(303) 444-4200,,No,Not Contacted,2026-04-21
Weekends Boutique Boulder,Boulder,CO,USA,West,@weekendsboulder,,(303) 444-0577,,No,Not Contacted,2026-04-21
Western Slope Kicks Boulder,Boulder,CO,USA,West,@westernslope_kicks,,(303) 402-0340,,No,Not Contacted,2026-04-21
Sneaker Box Colorado Springs,Colorado Springs,CO,USA,West,@sneakerboxcos,,(719) 277-9360,,No,Not Contacted,2026-04-21
The Hive Fort Collins,Fort Collins,CO,USA,West,@thehivefortcollins,,(970) 225-6500,,No,Not Contacted,2026-04-21
Vault Kicks Centennial,Centennial,CO,USA,West,@vaultkicks,,(720) 213-9870,,No,Not Contacted,2026-04-21
Fresh Kicks Commerce City,Commerce City,CO,USA,West,@freshkicksco,,(720) 441-3200,,No,Not Contacted,2026-04-21
TopShelf SLC,Salt Lake City,UT,USA,West,@topshelfslc,,(801) 532-9220,https://topshelfslc.com,No,Not Contacted,2026-04-21
FICE Gallery SLC,Salt Lake City,UT,USA,West,@ficegallery,,(801) 532-0440,https://ficegallery.com,No,Not Contacted,2026-04-21
Doused Shop SLC,Salt Lake City,UT,USA,West,@dousedshop,,(801) 448-5600,,No,Not Contacted,2026-04-21
The Salty Sole SLC,Salt Lake City,UT,USA,West,@thesaltysole,,(801) 359-4420,,No,Not Contacted,2026-04-21
Utah Threads SLC,Salt Lake City,UT,USA,West,@utahthreads,,(801) 487-7743,,No,Not Contacted,2026-04-21
KOI Clothing SLC,Salt Lake City,UT,USA,West,@koiclothing,,(801) 534-0060,https://koiclothing.com,No,Not Contacted,2026-04-21
Kicks On Fire SLC,Salt Lake City,UT,USA,West,@kicksonfire,,(801) 505-0990,,No,Not Contacted,2026-04-21
Sole Collective SLC,Salt Lake City,UT,USA,West,@solecollectiveutah,,(801) 266-0220,,No,Not Contacted,2026-04-21
The Vault Provo,Provo,UT,USA,West,@thevaultprovo,,(801) 374-2200,,No,Not Contacted,2026-04-21
Sneaker Attic Provo,Provo,UT,USA,West,@sneakeratticprovo,,(801) 373-3414,,No,Not Contacted,2026-04-21
Kicks Orem,Orem,UT,USA,West,@kicksorem,,(801) 224-4500,,No,Not Contacted,2026-04-21
Street Kicks Sandy,Sandy,UT,USA,West,@streetkickssandy,,(801) 569-5521,,No,Not Contacted,2026-04-21
Fresh Kicks Ogden,Ogden,UT,USA,West,@freshkicksogden,,(801) 627-3344,,No,Not Contacted,2026-04-21
Kicks St George,St. George,UT,USA,West,@kicksstgeorge,,(435) 656-8900,,No,Not Contacted,2026-04-21
Taylorsville Sneakers,Taylorsville,UT,USA,West,@taylorsville_sneakers,,(801) 966-3344,,No,Not Contacted,2026-04-21
LIKELIHOOD Seattle,Seattle,WA,USA,West,@lklihood,,(206) 420-4282,https://likelihood.us,No,Not Contacted,2026-04-21
Goods Store Seattle,Seattle,WA,USA,West,@goodsseattle,,(206) 838-6262,,No,Not Contacted,2026-04-21
Haven Seattle,Seattle,WA,USA,West,@havenswh,,(206) 325-4730,,No,Not Contacted,2026-04-21
Sole Food Seattle,Seattle,WA,USA,West,@solefoodseattle,,(206) 325-0020,,No,Not Contacted,2026-04-21
Crane and Lion Seattle,Seattle,WA,USA,West,@craneandlion,,(206) 682-5020,https://craneandlion.com,No,Not Contacted,2026-04-21
Trophy Sneakers Seattle,Seattle,WA,USA,West,@trophysneakers,,(206) 625-0011,,No,Not Contacted,2026-04-21
NAVIS Seattle,Seattle,WA,USA,West,@navisworkwear,,(206) 682-3234,https://navis-workwear.com,No,Not Contacted,2026-04-21
Limited Addition Seattle,Seattle,WA,USA,West,@limitedaddition,,(206) 568-9480,,No,Not Contacted,2026-04-21
Kicks Spokane,Spokane,WA,USA,West,@kicksspokane,,(509) 325-4420,,No,Not Contacted,2026-04-21
The Sneaker Exchange Spokane,Spokane,WA,USA,West,@sneakerexchangespokane,,(509) 327-0810,,No,Not Contacted,2026-04-21
Sole Purpose Tacoma,Tacoma,WA,USA,West,@solepurposetacoma,,(253) 272-4640,,No,Not Contacted,2026-04-21
The Limited ATM Tacoma,Tacoma,WA,USA,West,@thelimitedatm,,(253) 473-8880,,No,Not Contacted,2026-04-21
Kicks Kirkland,Kirkland,WA,USA,West,@kickskirkland,,(425) 827-2340,,No,Not Contacted,2026-04-21
Bellingham Kicks,Bellingham,WA,USA,West,@bellinghamkicks,,(360) 734-9870,,No,Not Contacted,2026-04-21
Supreme Has Just Opened Its First-Ever Miami Store,Miami,FL,USA,Southeast,@SecretMiami_,miami@secretmedianetwork.com,,https://secretmiami.com,No,Not Contacted,2026-04-21
Supreme: Shop,Miami,FL,USA,Southeast,,,,https://us.supreme.com,No,Not Contacted,2026-04-21
"lenox square in atlanta, georgia",Atlanta,GA,USA,Southeast,@THEWEBSTER.COM,atlteam@thewebster.com,,https://thewebster.com,No,Not Contacted,2026-04-21
Players Closet Miami Gardens,Miami,FL,USA,Southeast,@playerscloset954,,,,No,Not Contacted,2026-04-21
HYP - A Futuristic Sneaker & Streetwear Shopping Experience,Miami,FL,USA,Southeast,@hypmiami,customerservice@hypmiami.com,,https://hypmiami.com,No,Not Contacted,2026-04-21
Men's Fashion,Miami,FL,USA,Southeast,@miamidesigndistrict,,(305) 722-7100,https://miamidesigndistrict.com,No,Not Contacted,2026-04-21
Supreme Sets Up Shop in Miami,Miami,FL,USA,Southeast,@hypebeast,,,,No,Not Contacted,2026-04-21
Sneak Peek Luxury,Miami,FL,USA,Southeast,@theme,,,https://sneakpeekmiami.com,No,Not Contacted,2026-04-21
"Survival - Miami, Fort Lauderdale",Miami,FL,USA,Southeast,@aventuramall,bootstrap-select@1.13.14,,https://aventuramall.com,No,Not Contacted,2026-04-21
SNEAKER TOWN – SNEAKER TOWN,Miami,FL,USA,Southeast,@sneakertown,help@sneakertown.com,,https://sneakertownmia.com,No,Not Contacted,2026-04-21
Best Sneaker Stores in Miami,Miami,FL,USA,Southeast,@designscene,info@designscene.net,,https://designscene.net,No,Not Contacted,2026-04-21
Legend at The Florida Mall®,Orlando,FL,USA,Southeast,@shopfloridamall,,,,No,Not Contacted,2026-04-21
Social Status | Contemporary Menswear & Footwear,Orlando,FL,USA,Southeast,@thesocialstatus,fancybox@3.5.7,,https://socialstatuspgh.com,No,Not Contacted,2026-04-21
Request Boutique,Orlando,FL,USA,Southeast,,info@requestboutique.com,,https://requestboutique.com,No,Not Contacted,2026-04-21
LEGEND | ORLANDO FL,Orlando,FL,USA,Southeast,@legendfla,,,,No,Not Contacted,2026-04-21
Mindstreet – MINDS STREET FASHION,Orlando,FL,USA,Southeast,@minds__tm,info@mindsstreet.com,,https://mindsstreet.com,No,Not Contacted,2026-04-21
Aphonics at The Florida Mall - Simon,Orlando,FL,USA,Southeast,@shopfloridamall,,,,No,Not Contacted,2026-04-21
Release Orlando,Orlando,FL,USA,Southeast,@releaseorlando,,,https://releaseorlando.com,No,Not Contacted,2026-04-21
"Shop This Store on N Orange Blossom Trail in Orlando, FL",Orlando,FL,USA,Southeast,@hibbettrosemontfl,,,https://hibbett.com,No,Not Contacted,2026-04-21
Timeless Sneaker Boutique,Orlando,FL,USA,Southeast,,,,https://timelessorlando.com,No,Not Contacted,2026-04-21
Timeless Sneaker Boutique at The Florida Mall - Simon,Orlando,FL,USA,Southeast,@timeless.jax,,,,No,Not Contacted,2026-04-21
Orlando Fashion Square,Orlando,FL,USA,Southeast,@finishline,,(407) 896-3058,https://stores.finishline.com,No,Not Contacted,2026-04-21
The World's Most Exclusive Urban Clothing Brand,Tampa,FL,USA,Southeast,,admin@swiftfoxmedia.com,,https://swiftfoxmedia.com,No,Not Contacted,2026-04-21
Salt Pines,Tampa,FL,USA,Southeast,@hydeparkvillage,monica.doyle@wsdevelopment.com,,https://hydeparkvillage.com,No,Not Contacted,2026-04-21
Entourage,Tampa,FL,USA,Southeast,@onyxbyentourage,,,,No,Not Contacted,2026-04-21
A Sneaker City Tampa,Tampa,FL,USA,Southeast,@asneakercitytampa,,,,No,Not Contacted,2026-04-21
"Home Supreme Marine Inc. Fort Lauderdale, FL (954) 797-1818",Fort Lauderdale,FL,USA,Southeast,@suprememarineinc,jquery.maskedinput@1.4.1,(954) 797-1818,https://suprememarineinc.com,No,Not Contacted,2026-04-21
Supreme Men's Wear,Fort Lauderdale,FL,USA,Southeast,@linkedin,,,https://linkedin.com,No,Not Contacted,2026-04-21
Supreme International Corporation,Fort Lauderdale,FL,USA,Southeast,,,(305) 592-2830,https://encyclopedia.com,No,Not Contacted,2026-04-21
R H U D E - FTL- Cold Shoulder Kicks,Fort Lauderdale,FL,USA,Southeast,@coldshoulderkicksftl,,,https://cskicksftl.com,No,Not Contacted,2026-04-21
Buttafly Rhude Collection - Fashion & Apparel Boutique,Fort Lauderdale,FL,USA,Southeast,@shopbuttafly,info@yobuttafly.com,,https://yobuttafly.com,Yes,Not Contacted,2026-04-21
Cold Shoulder Kicks,Fort Lauderdale,FL,USA,Southeast,@coldshoulderkicks,,,,No,Not Contacted,2026-04-21
Riverbend Marketplace - Ft Lauderdale,Fort Lauderdale,FL,USA,Southeast,@dtlrofficial,custserv@dtlr.com,,https://locations.dtlr.com,No,Not Contacted,2026-04-21
Florida,Fort Lauderdale,FL,USA,Southeast,@hypebeast,,,,No,Not Contacted,2026-04-21
VAULT FORT LAUDERDALE,Fort Lauderdale,FL,USA,Southeast,@vlt.ftl,,,,No,Not Contacted,2026-04-21
Island Style: Luxury Fashion Boutique at Fort Lauderdale Beach,Fort Lauderdale,FL,USA,Southeast,,,,https://islandstylefl.com,No,Not Contacted,2026-04-21
Duval.Kickz,Jacksonville,FL,USA,Southeast,@duval.kickz,,,https://duvalkickz.com,No,Not Contacted,2026-04-21
St. Johns Town Center - Jacksonville,Jacksonville,FL,USA,Southeast,@jdsportsus,,(904) 997-8967,https://stores.jdsports.com,No,Not Contacted,2026-04-21
5+ of the Top Boutiques in Jacksonville,Jacksonville,FL,USA,Southeast,,,,https://unation.com,No,Not Contacted,2026-04-21
Leveled Up Sneaker Boutique,Jacksonville,FL,USA,Southeast,@leveledupstore,,,,No,Not Contacted,2026-04-21
Town Center At Boca Raton - Hollister Stores,Boca Raton,FL,USA,Southeast,,,,https://hollisterco.com,No,Not Contacted,2026-04-21
Supreme Motors - Boca Raton,Boca Raton,FL,USA,Southeast,@suprememotorsfla.com,usedcars@suprememotorsfla.com,(954) 561-2499,https://suprememotorsusa.com,No,Not Contacted,2026-04-21
Supreme Motors,Boca Raton,FL,USA,Southeast,,,118-1607369,https://blvd.com,No,Not Contacted,2026-04-21
SUPREME MOTORS of Boca Raton,Boca Raton,FL,USA,Southeast,@braunability,js-cookie@3.0.5,800-488-0359,https://braunability.com,No,Not Contacted,2026-04-21
Supreme Distributors Co.,Boca Raton,FL,USA,Southeast,@info,info@pwg-inc.com,800-323-6838,https://puritywholesale.com,No,Not Contacted,2026-04-21
Find a store,Boca Raton,FL,USA,Southeast,,,,https://rhone.com,No,Not Contacted,2026-04-21
Raise The Bar Menswear: From the beach to black tie,Boca Raton,FL,USA,Southeast,,,,https://rtbboca.com,No,Not Contacted,2026-04-21
Request Boutique Boca,Boca Raton,FL,USA,Southeast,@requestboutiquebocaraton,,,,No,Not Contacted,2026-04-21
RH Outlet Boca Raton - RH Teen,Boca Raton,FL,USA,Southeast,@rh.com,,,https://rhteen.rh.com,No,Not Contacted,2026-04-21
Our Locations,Boca Raton,FL,USA,Southeast,,,,https://revivalboutiques.com,No,Not Contacted,2026-04-21
Addict - Bal Harbour Shops Pop-up,Boca Raton,FL,USA,Southeast,@balharbourshops_popup,,,https://balharbourshopspopup.com,No,Not Contacted,2026-04-21
Jessie Boutique: Jessie a Fashion Boutique,Boca Raton,FL,USA,Southeast,@jessieboutique,cs@jessieboutique.com,,https://jessieboutique.com,No,Not Contacted,2026-04-21
"Wish & Shoes Boca Raton, Florida",Boca Raton,FL,USA,Southeast,,,,https://ishandshoes.com,No,Not Contacted,2026-04-21
ggdb / boca raton town center,Boca Raton,FL,USA,Southeast,@goldengoose,johndoe@some.com,,https://goldengoose.com,No,Not Contacted,2026-04-21
Find a Dealer,West Palm Beach,FL,USA,Southeast,@supremeboats,,,https://supremetowboats.com,No,Not Contacted,2026-04-21
"tagged ""white""",West Palm Beach,FL,USA,Southeast,@shopsnaggedandbagged,,,https://snaggedandbagged.com,No,Not Contacted,2026-04-21
RH West Palm,West Palm Beach,FL,USA,Southeast,,,,https://rh.com,No,Not Contacted,2026-04-21
Urban Wear Connection,West Palm Beach,FL,USA,Southeast,@urbanwearconnection,,,,No,Not Contacted,2026-04-21
Cold Shoulder Kicks: High-end sneaker resell boutique – PB,West Palm Beach,FL,USA,Southeast,@coldshoulderkicks,,,https://cskicks.com,No,Not Contacted,2026-04-21
HYPE STREETWEAR (HYPEGRL),West Palm Beach,FL,USA,Southeast,@supports,,,https://nextdoor.com,No,Not Contacted,2026-04-21
Discovering the Finest Boutiques in West Palm Beach,West Palm Beach,FL,USA,Southeast,,,,https://theberkeleypalmbeach.com,No,Not Contacted,2026-04-21
Cold Shoulder Kicks- Palm Beach,West Palm Beach,FL,USA,Southeast,@coldshoulderkicksftl,,,,No,Not Contacted,2026-04-21
Rep Your City Clothing - Hialeah Street Wear,Hialeah,FL,USA,Southeast,,,,https://hialeahstreetwear.com,No,Not Contacted,2026-04-21
"CITITRENDS at 901 East 10th Ave Hialeah, FL",Hialeah,FL,USA,Southeast,@wearecititrends,,,https://locations.cititrends.com,No,Not Contacted,2026-04-21
Sneaker Shop Hialeah FL,Hialeah,FL,USA,Southeast,@ShopWSS,help@shopwss.com,,https://shopwss.com,No,Not Contacted,2026-04-21
the shoppes of highland,Hialeah,FL,USA,Southeast,,,,https://famousfootwear.com,No,Not Contacted,2026-04-21
"Handpicked Sneakers in Hialeah, FL United States",Hialeah,FL,USA,Southeast,@handpickedblvd,,,,No,Not Contacted,2026-04-21
"Basketball Streetwear in Hialeah, FL - Westland Mall",Hialeah,FL,USA,Southeast,@shopwestland,,,https://shoppingwestlandmall.com,No,Not Contacted,2026-04-21
Saks Beverly Hills,Beverly Hills,CA,USA,West,@s5a.com,,,https://saksfifthavenue.com,No,Not Contacted,2026-04-21
Our Stores,Atlanta,GA,USA,Southeast,@maniere_usa,ui@5.0,,https://a-ma-maniere.com,No,Not Contacted,2026-04-21
Shops at Merrick Park,Coral Gables,FL,USA,Southeast,@shopsatmerrickpark,merrickparkadmin@brookfieldproperties.com,,https://shopsatmerrickpark.com,No,Not Contacted,2026-04-21
"Shops At Merrick Park, Coral Gables",Coral Gables,FL,USA,Southeast,@lafayette148.com,rocio.espinoza@lafayette148.com,,https://lafayette148ny.com,No,Not Contacted,2026-04-21
"LUXE MIAMI· Coral Gables, FL",Coral Gables,FL,USA,Southeast,@luxe.mia,,,,No,Not Contacted,2026-04-21
A Sneaker City – A Sneaker City,Coral Gables,FL,USA,Southeast,@asneakercityofficial,,,https://asneakercity.com,No,Not Contacted,2026-04-21
wynwoodtribe – Opening Soon,Wynwood,FL,USA,Southeast,,,,https://ynwoodtribe.com,No,Not Contacted,2026-04-21
canvas.mia,Wynwood,FL,USA,Southeast,@oasiswynwood,,,,No,Not Contacted,2026-04-21
BASE Superstore,Wynwood,FL,USA,Southeast,@basesuperstore,,,https://baseworld.com,No,Not Contacted,2026-04-21
Sole Garden,Wynwood,FL,USA,Southeast,@sole.garden,,,https://thesolegarden.com,No,Not Contacted,2026-04-21
Token Miami,Wynwood,FL,USA,Southeast,@tokenmiami,info@tokenmia.com,,https://tokenmia.com,No,Not Contacted,2026-04-21
Fresh Society Online,Wynwood,FL,USA,Southeast,@freshsocietyco,,,https://freshsociety.co,No,Not Contacted,2026-04-21
Wynwood's Top Shopping Destinations,Wynwood,FL,USA,Southeast,@ManaWynwood,,305-573-0371,https://manawynwood.com,No,Not Contacted,2026-04-21
305 Kicks,Wynwood,FL,USA,Southeast,@theme,,,https://305kicks.us,No,Not Contacted,2026-04-21
DAILYMIA,Wynwood,FL,USA,Southeast,@dailymia,,,https://dailymia.com,No,Not Contacted,2026-04-21
Supreme Motor Sports,Fort Myers,FL,USA,Southeast,,,,https://suprememotorsportsfl.com,No,Not Contacted,2026-04-21
"Supreme Floors: Flooring Store servicing Fort Myers, FL",Fort Myers,FL,USA,Southeast,@import,vitor@supremefloorsfl.com,613-5653590,https://supremefloorsfl.com,No,Not Contacted,2026-04-21
Supreme Home Design,Fort Myers,FL,USA,Southeast,@supremehomedesignfl,,,,No,Not Contacted,2026-04-21
"Men's Wearhouse Locations in Fort Myers, FL",Fort Myers,FL,USA,Southeast,,,,https://menswearhouse.com,No,Not Contacted,2026-04-21
The Islander FMB,Fort Myers,FL,USA,Southeast,@gmail.com,shoptheislander@gmail.com,,https://shoptheislander.com,No,Not Contacted,2026-04-21
Mainstream Boutique Fort Myers,Fort Myers,FL,USA,Southeast,@mainstreamboutiquefortmyers,,,https://mainstreamboutiquefortmyers.com,No,Not Contacted,2026-04-21
Just Kicks- Fort Myers,Fort Myers,FL,USA,Southeast,@justkicks239,,,,No,Not Contacted,2026-04-21
Designers Closet,Fort Myers,FL,USA,Southeast,@designersclosetig,sales@designerscloset.com,,https://designerscloset.com,No,Not Contacted,2026-04-21
"Fort Myers, FL Store: Surf Apparel & Accessories",Fort Myers,FL,USA,Southeast,,,,https://ronjonsurfshop.com,No,Not Contacted,2026-04-21
"lre""i'$mr.",Gainesville,FL,USA,Southeast,@GbHR,x@d.0,,,No,Not Contacted,2026-04-21
"Research, Demonstration, Training, and Fellowship Awards",Gainesville,FL,USA,Southeast,,,,https://nepis.epa.gov,No,Not Contacted,2026-04-21
Family-owned 3 AM streetwear store opens in Oaks Mall,Gainesville,FL,USA,Southeast,,,,https://gainesville.com,No,Not Contacted,2026-04-21
Narcissus Gainesville,Gainesville,FL,USA,Southeast,@narcissusgville,,,https://narcissusgville.com,No,Not Contacted,2026-04-21
Governor's Square,Tallahassee,FL,USA,Southeast,@hottopic,htonline@hottopic.com,,https://hottopic.com,No,Not Contacted,2026-04-21
Store Locations - Help Center,Tallahassee,FL,USA,Southeast,,,,https://supremecommunity.com,No,Not Contacted,2026-04-21
"Jaime Rhude - Melbourne, FL Mortgage Loan Officer",Tallahassee,FL,USA,Southeast,@crosscountrymtg,jaime.rhude@ccm.com,,https://crosscountrymortgage.com,No,Not Contacted,2026-04-21
Designers Closet Tallahassee,Tallahassee,FL,USA,Southeast,@dctally,,,,No,Not Contacted,2026-04-21
Nic's Toggery,Tallahassee,FL,USA,Southeast,@nicstoggery,,,https://nicstoggery.com,No,Not Contacted,2026-04-21
Vale Food Co,Tallahassee,FL,USA,Southeast,,bootstrap@4.0.0,691-2670375,https://visittallahassee.com,No,Not Contacted,2026-04-21
Best Boutiques in Tallahassee,Tallahassee,FL,USA,Southeast,@SurvivingTally,,,https://tallystudentsurvival.com,No,Not Contacted,2026-04-21
"Shoe Station Village Commons S/C, Tallahassee, FL 32312",Tallahassee,FL,USA,Southeast,@shoestation,,,https://stores.shoestation.com,No,Not Contacted,2026-04-21
COPPED New Orleans,Tallahassee,FL,USA,Southeast,@coppednola,coppednola@gmail.com,,https://coppedusa.com,No,Not Contacted,2026-04-21
New Build-A-Bear points to a shift toward youth,Sarasota,FL,USA,Southeast,,,,https://heraldtribune.com,No,Not Contacted,2026-04-21
The Wool Jackets Are Back - Yates,Sarasota,FL,USA,Southeast,@sourabhsingh___,support@antisocialsocialclubs.net.,,https://yatesgear.com,No,Not Contacted,2026-04-21
Hollister at The Mall at University Town Center - Simon,Sarasota,FL,USA,Southeast,@hollister,,,,No,Not Contacted,2026-04-21
Find a Dura Supreme Showroom,Sarasota,FL,USA,Southeast,,,,https://durasupreme.com,No,Not Contacted,2026-04-21
Superior Sheds Retail - Osprey / Sarasota,Sarasota,FL,USA,Southeast,@superiorsheds.com,info@superiorsheds.com,,https://superiorsheds.com,No,Not Contacted,2026-04-21
"Ready, Set, Shop! Sarasota shopping districts",Sarasota,FL,USA,Southeast,,,,https://visitsarasota.com,No,Not Contacted,2026-04-21
Fan Outfitters,Sarasota,FL,USA,Southeast,@utcsarasota,utcleasing@benderson.com,,https://utcsarasota.com,No,Not Contacted,2026-04-21
Molly's! A Chic and Unique Boutique,Sarasota,FL,USA,Southeast,@mollys_srq,events90@mollyssarasota.com,,https://mollyssarasota.com,No,Not Contacted,2026-04-21
Surge Style,Sarasota,FL,USA,Southeast,@shopsurgestyle,,,https://shopsurgestyle.com,No,Not Contacted,2026-04-21
L Boutique,Sarasota,FL,USA,Southeast,@lboutiques,,738471-2998,https://lboutiques.com,No,Not Contacted,2026-04-21
The 25 coolest clothing stores and boutiques in Sarasota,Sarasota,FL,USA,Southeast,@elastic,apm-rum@5.16.0,,https://anderlog.com,No,Not Contacted,2026-04-21
"Island Pursuit Store Location in Sarasota, FL",Sarasota,FL,USA,Southeast,@islandpursuit,info@islandpursuit.com,,https://islandpursuit.com,No,Not Contacted,2026-04-21
Salty Stitch - Clothing Stores Sarasota,Sarasota,FL,USA,Southeast,@saltystitch,info@saltystitch.com,,https://saltystitch.com,No,Not Contacted,2026-04-21
Rundown Los Angeles,Los Angeles,CA,USA,West,@rundown.losangeles,info@rundownlosangeles.com,,https://rundownlosangeles.com,No,Not Contacted,2026-04-21
Inside Supreme's new West Hollywood store,Los Angeles,CA,USA,West,@michaelnrodriguez,,,https://i-d.co,No,Not Contacted,2026-04-21
Supreme LA,Los Angeles,CA,USA,West,@sneakerfreakermag,,690118-8807,https://sneakerfreaker.com,No,Not Contacted,2026-04-21
A Look Inside Supreme's New LA Store,Los Angeles,CA,USA,West,@hypebeast,,,,No,Not Contacted,2026-04-21
TRAFFIC LOS ANGELES,Los Angeles,CA,USA,West,,customerservice@shoptrafficla.com,,https://shoptrafficla.com,No,Not Contacted,2026-04-21
Buy RHUDE Online at UNION LOS ANGELES,Los Angeles,CA,USA,West,@unionlosangeles,,,https://store.unionlosangeles.com,No,Not Contacted,2026-04-21
HypeBeast Kickz,Los Angeles,CA,USA,West,@hbkickz23,hypebeastkicks23@yahoo.com,,https://hbkickz.com,No,Not Contacted,2026-04-21
RIF LA: RIF LOS ANGELES,Los Angeles,CA,USA,West,@riflosangeles,,,https://rif.la,No,Not Contacted,2026-04-21
Pieces – PIECES,Los Angeles,CA,USA,West,@font,,,https://pieceslosangeles.com,No,Not Contacted,2026-04-21
ReservedHollywood,West Hollywood,CA,USA,West,@font,,,https://reservedla.com,No,Not Contacted,2026-04-21
"Brick & Mortar Boutique in West Hollywood, CA",West Hollywood,CA,USA,West,@shopatbrick,info@shopatbrick.com,,https://shopatbrick.com,No,Not Contacted,2026-04-21
Cherry Los Angeles – CHERRY LA,West Hollywood,CA,USA,West,@cherrylosangeles,,,https://cherryla.com,No,Not Contacted,2026-04-21
Take a Look Inside Supreme's New Store in West Hollywood,West Hollywood,CA,USA,West,@hypebae,,,https://hypebae.com,No,Not Contacted,2026-04-21
Our Stockists,Fairfax,CA,USA,West,@fairfaxandfavor,info@fairfaxandfavor.com,,https://fairfaxandfavor.com,No,Not Contacted,2026-04-21
Is Fairfax Avenue Dead as the Streetwear Hub of L.A.?,Fairfax,CA,USA,West,@wwd,br7@-v.o,,https://d.com,No,Not Contacted,2026-04-21
The Hundreds' Closure Caps Fairfax's OG Streetwear Scene,Fairfax,CA,USA,West,@highsnobiety,info@highsnobiety.com,,https://highsnobiety.com,No,Not Contacted,2026-04-21
Supreme Have Closed Their LA Flagship Fairfax Store,Fairfax,CA,USA,West,@pauseonline,samantha.ria@pausemag.co.uk,,https://pausemag.co.uk,No,Not Contacted,2026-04-21
Catwalk Designer Vintage – catwalk,Fairfax,CA,USA,West,@catwalkfairfax,,,https://catwalkdesignervintage.com,No,Not Contacted,2026-04-21
The Store Vintage & Modern,Fairfax,CA,USA,West,@thestorevandm,,,,No,Not Contacted,2026-04-21
Best Streetwear Shop,Fairfax,CA,USA,West,,,,https://laweekly.com,No,Not Contacted,2026-04-21
SOLESTAGE – Solestage,Fairfax,CA,USA,West,@solestage,,,https://solestage.com,No,Not Contacted,2026-04-21
True Clothing – Shop True Clothing,Fairfax,CA,USA,West,@true_sf,,,https://trueclothing.net,No,Not Contacted,2026-04-21
Fairfax: The Mecca of Streetwear,Fairfax,CA,USA,West,@talonmarks,,,https://talonmarks.com,No,Not Contacted,2026-04-21
Living the Rhude Life in Beverly Hills,Beverly Hills,CA,USA,West,@samschube,help@newyorker.com,,https://gq.com,No,Not Contacted,2026-04-21
Madison Maison an iconic specialty store in Beverly Hills,Beverly Hills,CA,USA,West,@madisonstyle,,,https://madisonstyle.com,No,Not Contacted,2026-04-21
Beverly Hills Lingerie: First Streetwear Lingerie Brand,Beverly Hills,CA,USA,West,@beverlyhillslingerie,,,https://beverlyhillslingerie.com,No,Not Contacted,2026-04-21
Wilkes Bashford - Mitchell Stores,San Francisco,CA,USA,West,,,,https://ilkesbashford.mitchellstores.com,No,Not Contacted,2026-04-21
State Of Flux | Clothing Brand & Store,San Francisco,CA,USA,West,@stateoffluxshop,info@stateofflux.shop,,https://stateofflux.shop,No,Not Contacted,2026-04-21
Bay Area Streetwear Brands,San Francisco,CA,USA,West,,,,https://piedmontave.com,No,Not Contacted,2026-04-21
grails sf – Grails SF,San Francisco,CA,USA,West,@grails.sf,alpinejs@3.13.0,,https://grailssf.com,No,Not Contacted,2026-04-21
San Francisco,San Francisco,CA,USA,West,@hypebeast,,,,No,Not Contacted,2026-04-21
Hidden Hype Clothing,San Francisco,CA,USA,West,@hiddenhypeboutique,support@hiddenhype.com,,https://hiddenhype.com,No,Not Contacted,2026-04-21
LockerSF – Locker SF,San Francisco,CA,USA,West,@locker.sf,,,https://lockersf.com,No,Not Contacted,2026-04-21
Market Street,San Francisco,CA,USA,West,,,,https://shiekh.com,No,Not Contacted,2026-04-21
citykickssd,San Diego,CA,USA,West,@citykickssd,inquiries@citykickssd.com,,https://citykickssd.com,No,Not Contacted,2026-04-21
ShopMeta,San Diego,CA,USA,West,@shopmetasd,,,https://shopmeta.com,No,Not Contacted,2026-04-21
Reign Supreme Clothing,San Diego,CA,USA,West,@shopdablock,,,,No,Not Contacted,2026-04-21
ACD GALLERY - San Diego,San Diego,CA,USA,West,@acdgallery,info@acdgallery.com,,https://acdgallery.com,No,Not Contacted,2026-04-21
Caliwearsd: CaliWear San Diego - Online Clothing Store,San Diego,CA,USA,West,@caliwearsd,,,https://caliwearsd.com,No,Not Contacted,2026-04-21
Revolution Plaza Bonita,San Diego,CA,USA,West,@revolution_plazabonita,,,,No,Not Contacted,2026-04-21
Gstyle Clothing,San Diego,CA,USA,West,,,,https://gstyleclothing.com,No,Not Contacted,2026-04-21
Sneaker Club San Diego,San Diego,CA,USA,West,@gmail.com,thesneakerclubsd@gmail.com,,https://thesneakerclubsd.com,No,Not Contacted,2026-04-21
San Diego,San Diego,CA,USA,West,@hypebeast,,,,No,Not Contacted,2026-04-21
Discover Luxury at Fashion Valley - San Diego - Simon,San Diego,CA,USA,West,@fashionvalleyca,,,,No,Not Contacted,2026-04-21
Banned LA Ruin My Life,Melrose,CA,USA,West,@bannedla,,,,No,Not Contacted,2026-04-21
RHUDE x MAXFIELD POP UP,Melrose,CA,USA,West,@popupshopshq,,,https://store2be.com,No,Not Contacted,2026-04-21
Posers Hollwood,Melrose,CA,USA,West,@posers_hollywood,,,https://eareposers.com,No,Not Contacted,2026-04-21
The Pop up shop Los Angeles: Top Clothing Brands,Melrose,CA,USA,West,@thepopupshopla,,,https://thepopupshopla.com,No,Not Contacted,2026-04-21
Clothing Archives,Melrose,CA,USA,West,,,,https://melroseartsdistrict.com,No,Not Contacted,2026-04-21
HYPEBEAST Los Angeles,Melrose,CA,USA,West,@hypebeastla,,,,No,Not Contacted,2026-04-21
Luke Fracher Opens Second Luke's Location in Los Angeles,Melrose,CA,USA,West,@hypebeast,,,,No,Not Contacted,2026-04-21
Streetwear L.A.: Original Hypebeast,Melrose,CA,USA,West,@culturehoneymag,,,https://culturehoney.com,No,Not Contacted,2026-04-21
"Moist Melrose· Los Angeles, CA",Melrose,CA,USA,West,@m.premium_clothing,,,,No,Not Contacted,2026-04-21
COOLKICKS – Coolkicks,Melrose,CA,USA,West,@coolkicks,,314952-0354,https://shopcoolkicks.com,No,Not Contacted,2026-04-21
Sneakerhead Melrose,Melrose,CA,USA,West,@sneakerheadmelrose,,,,No,Not Contacted,2026-04-21
POP UP LA - MELROSE,Melrose,CA,USA,West,@thepopupshopla,,,,No,Not Contacted,2026-04-21
Only NY,New York City,NY,USA,Northeast,@onlyny,info@onlyny.com,,https://onlyny.com,No,Not Contacted,2026-04-21
UP NYC - New York City's Premier Clothing & Sneaker Store,New York City,NY,USA,Northeast,@upnyc,,,https://upnycstore.com,No,Not Contacted,2026-04-21
Capsule NYC,New York City,NY,USA,Northeast,@capsule_nyc,,,https://capsule.nyc,No,Not Contacted,2026-04-21
Origins NYC: Sneakers Store | Designer Streetwear Brands,New York City,NY,USA,Northeast,@originsnyc,help@originsnyc.com,,https://originsnyc.com,No,Not Contacted,2026-04-21
HYPEBEAST NYC,New York City,NY,USA,Northeast,@hypebeastnyc,,,,No,Not Contacted,2026-04-21
New York City,New York City,NY,USA,Northeast,@hypebeast,,,,No,Not Contacted,2026-04-21
West NYC - Upper West Side Sneaker Boutique,New York City,NY,USA,Northeast,@westnyc,,,https://estnyc.com,No,Not Contacted,2026-04-21
Extra Butter,New York City,NY,USA,Northeast,@extrabutter,info@extrabutterny.com,,https://extrabutterny.com,No,Not Contacted,2026-04-21
Sneaker Bar - NYC,New York City,NY,USA,Northeast,@sneakerbar,info@sneakerbarnewyork.com,,https://sneakerbarnewyork.com,No,Not Contacted,2026-04-21
Xclusive Arrivals - Home,New York City,NY,USA,Northeast,@xclusivearrivals,info@indiantypefoundry.com,,https://xclusivearrivals.com,No,Not Contacted,2026-04-21
Sneaker Boutique Shop,New York City,NY,USA,Northeast,@citystylenewyork,,,,No,Not Contacted,2026-04-21
StealthNY,Brooklyn,NY,USA,Northeast,@stealth.ny,,,https://stealthny.com,No,Not Contacted,2026-04-21
Asphalt NYC,Brooklyn,NY,USA,Northeast,@ASPHALT_NYC,,,https://asphalt-nyc.com,No,Not Contacted,2026-04-21
Clique Apparel - Today's Hottest Streetwear Brands!,Brooklyn,NY,USA,Northeast,@cliqueapparell,info@cliqueapparell.com,,https://cliqueapparell.com,No,Not Contacted,2026-04-21
"Rhude: Tees, Outerwear, Footwear, Accessories, Rhuigi",Brooklyn,NY,USA,Northeast,@kith,,200.0310135,https://kith.com,No,Not Contacted,2026-04-21
Brooklyn Cloth - Latest Streetwear Styles & Clothing,Brooklyn,NY,USA,Northeast,@brooklyncloth,info@brooklyncloth.com,,https://brooklyncloth.com,No,Not Contacted,2026-04-21
Today's Hottest Streetwear Brands!,Brooklyn,NY,USA,Northeast,@cliqueapparell,,,,No,Not Contacted,2026-04-21
Hypebeast Community Center: Tenant,Brooklyn,NY,USA,Northeast,@hypebeast,,,,No,Not Contacted,2026-04-21
Pluggedin Sneaker Boutique,Brooklyn,NY,USA,Northeast,@pluggedinbk_official,,,,No,Not Contacted,2026-04-21
SOHO HYPEBEAST,Soho,NY,USA,Northeast,@sohohypebeast,,,,No,Not Contacted,2026-04-21
UniqueHype,Soho,NY,USA,Northeast,@uniquehypecollection,hi@beeketing.com.,,https://uniquehypenyc.com,No,Not Contacted,2026-04-21
PURPLE Opens Flagship Store in New York's Soho,Soho,NY,USA,Northeast,@hypebeast,,,,No,Not Contacted,2026-04-21
VISIT DOORS NYC,Soho,NY,USA,Northeast,@doors.nyc,customercare@doors.nyc,,https://doors.nyc,No,Not Contacted,2026-04-21
A Sneaker City Soho,Soho,NY,USA,Northeast,@HatClub,,,,No,Not Contacted,2026-04-21
NYC – LacedUp,Soho,NY,USA,Northeast,@LacedUpManhattan,lacedupnewyork@gmail.com,,https://lacedup.com,No,Not Contacted,2026-04-21
DISTRICT ONE NY,Lower East Side,NY,USA,Northeast,@districtoneny,,,https://districtoneny.com,No,Not Contacted,2026-04-21
Top 5 Clothing Stores in the Lower East Side,Lower East Side,NY,USA,Northeast,@ludlowflea,,,https://conbud.com,No,Not Contacted,2026-04-21
"New Store Lower East Side, New York",Lower East Side,NY,USA,Northeast,@2ndstreetusa,,,https://2ndstreetusa.com,No,Not Contacted,2026-04-21
Lower East Side,Lower East Side,NY,USA,Northeast,@hypebeast,,,,No,Not Contacted,2026-04-21
Mannahatta NYC,Lower East Side,NY,USA,Northeast,@mannahatta_nyc,,,https://mhny.nyc,No,Not Contacted,2026-04-21
Pure Atlanta | Luxury Contemporary Style,Houston,TX,USA,Southwest,@pureatlanta,cs@pureatlanta.com,,https://pureatlanta.com,No,Not Contacted,2026-04-21
Club Never,Houston,TX,USA,Southwest,,info@clubnever.com,,https://clubnever.com,No,Not Contacted,2026-04-21
Agenda Houston,Houston,TX,USA,Southwest,@agendahtx,support@agendahouston.com,,https://agendahouston.com,No,Not Contacted,2026-04-21
Supreme Party Supplies,Houston,TX,USA,Southwest,,,,https://supremehouston.com,No,Not Contacted,2026-04-21
Premium Goods Houston | Sneaker Store & Streetwear Boutique,Houston,TX,USA,Southwest,@premiumgoodshtx,,,https://premiumgoods.com,No,Not Contacted,2026-04-21
The Closet HTX,Houston,TX,USA,Southwest,@johnnydangandco,,,,No,Not Contacted,2026-04-21
Sneaker Summit,Houston,TX,USA,Southwest,@sneakersummit.com,,,https://shop.sneakersummit.com,No,Not Contacted,2026-04-21
A Sneaker City Houston,Houston,TX,USA,Southwest,@asneakercityhouston,,,,No,Not Contacted,2026-04-21
SOLEPLIER | Sneakers. Streetwear. Culture.,Dallas,TX,USA,Southwest,@SOLEPLIER,tuffselectph@gmail.com,,https://soleplier.com,No,Not Contacted,2026-04-21
"PROJECT· Dallas, TX",Dallas,TX,USA,Southwest,@project.dallas,,,,No,Not Contacted,2026-04-21
Heights District,Dallas,TX,USA,Southwest,@heightsdistrict,info@theheightsdistrict.com,,https://theheightsdistrict.com,No,Not Contacted,2026-04-21
HUMAN DIOR,Dallas,TX,USA,Southwest,@keyframes,humandior@gmail.com,,https://humandior.com,No,Not Contacted,2026-04-21
"BluPrint· Dallas, TX",Dallas,TX,USA,Southwest,@bluprint.tx,,,,No,Not Contacted,2026-04-21
The 24 Most Beautiful Independent Stores in Dallas,Dallas,TX,USA,Southwest,@papercityhouston,chad.barrett@alliebeth.com,,,No,Not Contacted,2026-04-21
Private Stock Premium Boutique - Private Stock,Austin,TX,USA,Southwest,@privatestockatx,,,https://privatestockonline.com,No,Not Contacted,2026-04-21
"Private Stock - A Shopping Center in Austin, TX - Simon",Austin,TX,USA,Southwest,@thedomainaustin,,,,No,Not Contacted,2026-04-21
The Splash Station opens second location in South Austin,Austin,TX,USA,Southwest,@communityimpactnews,,,https://communityimpact.com,No,Not Contacted,2026-04-21
STAX AUSTIN,Austin,TX,USA,Southwest,@font,,,https://staxaustinonline.com,No,Not Contacted,2026-04-21
Bloody Rose Boutique,Austin,TX,USA,Southwest,@bloodyroseboutique,,,https://bloodyroseboutique.com,No,Not Contacted,2026-04-21
ByGeorge Luxury Boutique,Austin,TX,USA,Southwest,@bygeorge,,,https://bygeorgeaustin.com,No,Not Contacted,2026-04-21
Sneaker Politics,Austin,TX,USA,Southwest,@2ndstdistrict,,,https://2ndstreetdistrict.com,No,Not Contacted,2026-04-21
San Antonio - San Pedro Store,San Antonio,TX,USA,Southwest,@boot_barn_official,custserv@bootbarn.com,,https://bootbarn.com,No,Not Contacted,2026-04-21
"WearHouse· San Antonio, TX",San Antonio,TX,USA,Southwest,@wearhouse.tx,,,,No,Not Contacted,2026-04-21
tdkrivercenter,San Antonio,TX,USA,Southwest,@font,,,https://tdkriverwalk.com,No,Not Contacted,2026-04-21
Countdown SA,San Antonio,TX,USA,Southwest,@countdownsa_,,,https://countdownsa.com,No,Not Contacted,2026-04-21
Stetson: Legendary Westernwear,San Antonio,TX,USA,Southwest,@stetsonusa,help@stetson.com,,https://stetson.com,No,Not Contacted,2026-04-21
817 Vintage Hype,Fort Worth,TX,USA,Southwest,,,,https://817vintagehype.com,No,Not Contacted,2026-04-21
"Hale House Boutique | Fort Worth, TX",Fort Worth,TX,USA,Southwest,@shophalehouse,customerservice@shophalehouse.com,,https://shophalehouse.com,No,Not Contacted,2026-04-21
Lux (Fashion. Culture. Lifestyle.),Fort Worth,TX,USA,Southwest,@luxfashiondfw,,,,No,Not Contacted,2026-04-21
Royalty DFW,Fort Worth,TX,USA,Southwest,@rylty.dfw,,,https://royaltydfw.com,No,Not Contacted,2026-04-21
Elite Footwear,Fort Worth,TX,USA,Southwest,@elitefootweardfw,anapbm@gmail.com,,https://elitefootweardfw.com,No,Not Contacted,2026-04-21
The Hookup Fashion and more,Fort Worth,TX,USA,Southwest,@mvpsportsdfw,,,,No,Not Contacted,2026-04-21
Supreme ATL,Atlanta,GA,USA,Southeast,@supremeatlanta,,,,No,Not Contacted,2026-04-21
ShowRoom Atlanta,Atlanta,GA,USA,Southeast,@showroom.atl,,,https://showroomatl.com,No,Not Contacted,2026-04-21
Fly Gear ATL - Hottest streetwear clothing in the country,Atlanta,GA,USA,Southeast,@flygearatl,sales@flygearatl.com,,https://flygearatl.com,No,Not Contacted,2026-04-21
Wish Atlanta Boutique - WishATL.com,Atlanta,GA,USA,Southeast,@wishatl,,,https://ishatl.com,No,Not Contacted,2026-04-21
The Atlanta Streetwear Market ®,Atlanta,GA,USA,Southeast,@atlantastreetwearmarket,,,,No,Not Contacted,2026-04-21
City Wide Fashions - Atlanta's Best Big & Tall Streetwear Store,Atlanta,GA,USA,Southeast,@whatshappeningatl,,,https://citywidefashions.com,No,Not Contacted,2026-04-21
Full Circle ATL,Atlanta,GA,USA,Southeast,@fullcircle.atl,,,https://fullcircleatl.shop,No,Not Contacted,2026-04-21
Hype 24/7,Atlanta,GA,USA,Southeast,@hype2407,,,https://atlantadowntown.com,No,Not Contacted,2026-04-21
HYPE 24/7 Atlanta,Atlanta,GA,USA,Southeast,@hype247snvl,,,,No,Not Contacted,2026-04-21
GEORGIO'S PREMIUM STREETWEAR STORE,Atlanta,GA,USA,Southeast,@georgiosatlanta,georgiosatl@gmail.com,,https://georgiosatlanta.com,No,Not Contacted,2026-04-21
Luxury Box: Curated High-Fashion – Luxury Box Atl,Atlanta,GA,USA,Southeast,@luxboxatl,info@luxuryboxatl.com,,https://luxuryboxatl.com,No,Not Contacted,2026-04-21
SOLE PLAY ATL – Sole Play,Atlanta,GA,USA,Southeast,@https,,,https://soleplayatl.com,No,Not Contacted,2026-04-21
Full Circle Atlanta,Atlanta,GA,USA,Southeast,@fullcircle.ath,,,,No,Not Contacted,2026-04-21
Refresh PGH ATL | Premier Sneaker/Clothing Boutique‎,Atlanta,GA,USA,Southeast,,,,https://refreshpgh.com,No,Not Contacted,2026-04-21
RSVP Gallery,Chicago,IL,USA,Midwest,@rsvpgallery,,,https://rsvpgallery.com,No,Not Contacted,2026-04-21
Burdeens Chicago,Chicago,IL,USA,Midwest,@burdeenschicago,,,https://burdeenschicago.com,No,Not Contacted,2026-04-21
Unique Chicago,Chicago,IL,USA,Midwest,@uniquechicago,shopuniquechicago@gmail.com,,https://shopuniquechicago.com,No,Not Contacted,2026-04-21
Jugrnaut Clothing - Jugrnaut,Chicago,IL,USA,Midwest,@jugrnaut,jugrnautchicago@gmail.com,,https://store.jugrnaut.com,No,Not Contacted,2026-04-21
Notre Shop,Chicago,IL,USA,Midwest,@notre_shop,,(312)-600-9757,https://notre-shop.com,No,Not Contacted,2026-04-21
The Shop 147 | # 1 Streetwear Clothing Store In America,Chicago,IL,USA,Midwest,@theshop_147,info@theshop147.com,,https://theshop147.com,No,Not Contacted,2026-04-21
Saint Alfred,Chicago,IL,USA,Midwest,@saintalfred,,,https://saintalfred.com,No,Not Contacted,2026-04-21
Exploring Chicago's Best Streetwear Brands and Stores,Chicago,IL,USA,Midwest,@theghettoflower,,,https://theghettoflower.com,No,Not Contacted,2026-04-21
Eugene Chicago,Chicago,IL,USA,Midwest,@eugene.chicago,info@shopwatertower.com,,https://shopwatertower.com,No,Not Contacted,2026-04-21
Eugene.Chicago,Chicago,IL,USA,Midwest,@eugenechicago.hipmall,,,,No,Not Contacted,2026-04-21
Urban Style Clothing Online Store - Iridium Clothing Company,Chicago,IL,USA,Midwest,@iridiumclothingco,,,https://iridiumclothingco.com,No,Not Contacted,2026-04-21
Succezzthestore – SUCCEZZ BY B&VDOT,Chicago,IL,USA,Midwest,@succezzthestore,info@succezzthestore.com,,https://succezzthestore.com,No,Not Contacted,2026-04-21
SNEAKERVILLE 88,Chicago,IL,USA,Midwest,@sneakerville88,,,https://sneakerville88.myshopify.com,No,Not Contacted,2026-04-21
On The Arm,Las Vegas,NV,USA,West,@onthearm.lv,,,https://onthearm.lv,No,Not Contacted,2026-04-21
The Hause Collective Las Vegas,Las Vegas,NV,USA,West,@thehausecollectivelv,,,,No,Not Contacted,2026-04-21
Bring It Back LLC,Las Vegas,NV,USA,West,@bringitbackworldwide.com,admin@bringitbackworldwide.com,,https://bringitbackworldwide.com,No,Not Contacted,2026-04-21
Fresh Society Las Vegas,Las Vegas,NV,USA,West,@freshsocietyco,,,,No,Not Contacted,2026-04-21
Royal One LV,Las Vegas,NV,USA,West,,,,https://royalonelv.com,No,Not Contacted,2026-04-21
CRSVR,Las Vegas,NV,USA,West,@crsvr,rob.gillman@crispconsult.com,,https://crsvr.com,No,Not Contacted,2026-04-21
Hearth,Seattle,WA,USA,West,@seattlesouthside,info@seattlesouthside.com,,https://seattlesouthside.com,No,Not Contacted,2026-04-21
Rush Hour – Rush Hour,Seattle,WA,USA,West,@rush_hour206,,,https://rushhour206.com,No,Not Contacted,2026-04-21
Ablaj,Seattle,WA,USA,West,@gmail.com,ablajnw@gmail.com,,https://ablaj.com,No,Not Contacted,2026-04-21
Sadō Room,Seattle,WA,USA,West,,,,https://sadoroom.com,No,Not Contacted,2026-04-21
Clothing,Seattle,WA,USA,West,@soleseattle,,,https://soleseattle.com,No,Not Contacted,2026-04-21
Urbanity Shop: Urbanity Streetwear,Seattle,WA,USA,West,@font,info@urbanityshop.com,,https://urbanityshop.com,No,Not Contacted,2026-04-21
Capitol Hill,Seattle,WA,USA,West,@buckmason.com,help@buckmason.com,,https://buckmason.com,No,Not Contacted,2026-04-21
Hearth.SEA,Seattle,WA,USA,West,@beastmode,,,,No,Not Contacted,2026-04-21
A Seattle Shop – Glasswing,Seattle,WA,USA,West,@glasswingshop,u003ehello@glasswingshop.com,,https://glasswingshop.com,No,Not Contacted,2026-04-21
Get the LA Streetwear Look at These 6 Seattle Stores,Seattle,WA,USA,West,@seattlemet,,,https://seattlemet.com,No,Not Contacted,2026-04-21
Zebraclub – ZEBRACLUB,Seattle,WA,USA,West,@zebraclub.com,downtown@zebraclub.com,,https://zebraclub.com,No,Not Contacted,2026-04-21
Mediums Collective | 705 E Pike St – M E D I U M S,Seattle,WA,USA,West,@mediumscollective,connect@mediumscollective.com,,https://mediumscollective.com,No,Not Contacted,2026-04-21
HOMETEAM SEATTLE | Seattle's Premier Sneaker Shop,Seattle,WA,USA,West,@h.o.m.e.t.e.a.m,,,https://hometeamsea.com,No,Not Contacted,2026-04-21
Sneak City,Seattle,WA,USA,West,,,,https://thesneakcity.com,No,Not Contacted,2026-04-21
Seattle Sneaker City,Seattle,WA,USA,West,@seattlesneakercity,,,,No,Not Contacted,2026-04-21
Exclusive Sneakers & Streetwear at Le Gala – Le Gala,Oklahoma City,OK,USA,Southwest,@legalastoreokc,,,https://legalastore.com,No,Not Contacted,2026-04-21
"Clothing Stores in Oklahoma City, OK",Oklahoma City,OK,USA,Southwest,@yahoo,pam@goldstarok.com,155-9803257,https://local.yahoo.com,No,Not Contacted,2026-04-21
GRINMORE – Fashion Apparel & Streetwear Style Boutique,Oklahoma City,OK,USA,Southwest,@grinmorestore,,,https://grinmorestore.com,No,Not Contacted,2026-04-21
Embassykicks – EmbassyKicks,Oklahoma City,OK,USA,Southwest,@font,,,https://embassykicks.com,No,Not Contacted,2026-04-21
10th St Sneaks,Oklahoma City,OK,USA,Southwest,,,,https://10thstsneaks.biz,No,Not Contacted,2026-04-21
BERKS.VINTAGE & STREETWEAR – Edmond.steals,Oklahoma City,OK,USA,Southwest,@font,-berksvtg@gmail.com,,https://berksvintage.com,No,Not Contacted,2026-04-21
Le Gala Oklahoma City,Oklahoma City,OK,USA,Southwest,@legalastoreokc,,,,No,Not Contacted,2026-04-21
"Le Gala | Oklahoma City, OK",Oklahoma City,OK,USA,Southwest,@visitokc,contact@visitokc.com,,https://visitokc.com,No,Not Contacted,2026-04-21
Betsy King Shoes - A Shoe Boutique - Betsy King Shoes,Oklahoma City,OK,USA,Southwest,@betsykingshoes,,,https://betsykingshoes.com,No,Not Contacted,2026-04-21
Berks Vintage & Streetwear - Oklahoma City,Oklahoma City,OK,USA,Southwest,@berks.vintage,info@downtownokc.com,,https://downtownokc.com,No,Not Contacted,2026-04-21
Opolis Clothing,Oklahoma City,OK,USA,Southwest,@opolisclothing,,,https://opolisclothing.com,No,Not Contacted,2026-04-21
Hollister Co. at Woodland Hills Mall - Tulsa - Simon,Tulsa,OK,USA,Southwest,@hollister,,,,No,Not Contacted,2026-04-21
Ten Toes Tulsa at Woodland Hills Mall,Tulsa,OK,USA,Southwest,@tentoestulsa,,,,No,Not Contacted,2026-04-21
Ten Toes Tulsa,Tulsa,OK,USA,Southwest,@tentoestulsa,,,,No,Not Contacted,2026-04-21
Supreme Printing,Tulsa,OK,USA,Southwest,@supremeprintingofficial,supremeprintingtulsa@gmail.com,,https://supremeprintings.com,No,Not Contacted,2026-04-21
Silhouette Sneakers & Art,Tulsa,OK,USA,Southwest,@silhouettetulsa,help@silhouettetulsa.com,,https://silhouettetulsa.com,No,Not Contacted,2026-04-21
Shop Streetwear,Tulsa,OK,USA,Southwest,,13e49d785d8d4f828038b6136f3b48ba@sentry.io,,https://rackstulsa.com,No,Not Contacted,2026-04-21
Rally House Tulsa Hills | Oklahoma Sooners & OSU Store,Tulsa,OK,USA,Southwest,@rally_house,tulsahills@rallyhouse.com,,https://rallyhouse.com,No,Not Contacted,2026-04-21
Gearhead Outfitters,Tulsa,OK,USA,Southwest,@gearheadoutfitters,mllegeorgesand@gmail.com,,https://gearheadoutfitters.com,No,Not Contacted,2026-04-21
Umber – umber,Tulsa,OK,USA,Southwest,@umberthelabel,umber.tulsa@gmail.com,,https://umbershoppe.com,No,Not Contacted,2026-04-21
A-list Tulsa,Tulsa,OK,USA,Southwest,@font,,,https://a-list-tulsa.com,No,Not Contacted,2026-04-21
"MAC Collection - Tulsa, OK Clothing & Accessory Boutique",Tulsa,OK,USA,Southwest,@shopmaccollection,,,https://shopmaccollection.com,No,Not Contacted,2026-04-21
Designer Clothing and Luxury Fashion Boutique | abersons,Tulsa,OK,USA,Southwest,@abersonstyle,,(918) 742-7335,https://abersonstyle.com,No,Not Contacted,2026-04-21
Black Sheep Boutique - Tulsa,Tulsa,OK,USA,Southwest,@shopblacksheepboutique,,,https://shopblacksheepboutique.com,No,Not Contacted,2026-04-21
TULSA Shoe & Sneaker Store,Tulsa,OK,USA,Southwest,@shoepalace,,,https://stores.shoepalace.com,No,Not Contacted,2026-04-21
McCain Mall,Little Rock,AR,USA,Southeast,@original,,,https://zumiez.com,No,Not Contacted,2026-04-21
#little rock Arkansas,Little Rock,AR,USA,Southeast,@bpclockerroom,,,,No,Not Contacted,2026-04-21
Supreme Fixture Store,Little Rock,AR,USA,Southeast,,,,https://supremefixture.com,No,Not Contacted,2026-04-21
Dolce Vesta Locations,Little Rock,AR,USA,Southeast,@dolce_vesta_menswear,sales@dolcevitamen.com,(501) 420-1443,https://dolcevesta.com,No,Not Contacted,2026-04-21
GreatGiftsClub,Little Rock,AR,USA,Southeast,@ckseekstruth,,,,No,Not Contacted,2026-04-21
Drip Clothing,Little Rock,AR,USA,Southeast,@600,,,https://parkplazamall.com,No,Not Contacted,2026-04-21
Tulips in Little Rock,Little Rock,AR,USA,Southeast,@tulipsinlittlerock,,,https://tulipsinlittlerock.com,No,Not Contacted,2026-04-21
Underground Clothing,Little Rock,AR,USA,Southeast,@Undergroundclothinglr,info@undergroundclothing.com,,https://undergroundclothing.com,No,Not Contacted,2026-04-21
House of Hype - Luxury Streetwear,Little Rock,AR,USA,Southeast,,,,https://houseofhype.co,No,Not Contacted,2026-04-21
Fringe Clothing,Little Rock,AR,USA,Southeast,@amos_thefringefrenchie,,,https://shopfringeclothing.com,No,Not Contacted,2026-04-21
Rock City Kicks,Little Rock,AR,USA,Southeast,@rockcitykicks,,,https://rockcitykicks.com,No,Not Contacted,2026-04-21
#1 Sneaker & Streetwear Store in Arkansas – NWAHYPE,Fayetteville,AR,USA,Southeast,@nwahype,,,https://nwahype.com,No,Not Contacted,2026-04-21
Restock AR: Shop The Latest Streetwear Fashion & Sneakers,Fayetteville,AR,USA,Southeast,@restock,splide-extension-auto-scroll@0.5.3,,https://restockar.com,No,Not Contacted,2026-04-21
Gearhead Outfitters Fayetteville 72701 - Locally,Fayetteville,AR,USA,Southeast,@gearheadoutfitters,,,https://locally.com,No,Not Contacted,2026-04-21
Walker Brothers,Fayetteville,AR,USA,Southeast,@shopwalkerbrothers,,,https://alkerbrothers.com,No,Not Contacted,2026-04-21
Black Market Arkansas,Fayetteville,AR,USA,Southeast,@blkmktark,,,https://blkmktark.com,No,Not Contacted,2026-04-21
ShopRiffraff.com - Online Women's Boutique Clothing Shop,Fayetteville,AR,USA,Southeast,@shopriffraff,info@stagheaddesigns.com,,https://shopriffraff.com,No,Not Contacted,2026-04-21
By Request: Women's and Men's Clothing,Fayetteville,AR,USA,Southeast,@byrequestnwa,,,https://byrequestnwa.com,No,Not Contacted,2026-04-21
"Style Encore Fayetteville, AR",Fayetteville,AR,USA,Southeast,@styleencorefayettevillear,,,,No,Not Contacted,2026-04-21
lola – LOLA,Fayetteville,AR,USA,Southeast,@lolaboutique,,,https://shoplola.com,No,Not Contacted,2026-04-21
Supreme Liquor Shop Inc. in Detroit - Liquor store,Detroit,MI,USA,Midwest,,,,https://atly.com,No,Not Contacted,2026-04-21
Supreme Apparel for Sale,Detroit,MI,USA,Midwest,@nojokicksdetroit,info@nojokicks.com,,https://nojokicks.com,No,Not Contacted,2026-04-21
House of Drip,Detroit,MI,USA,Midwest,@layer,john.doe@email.com,,https://houseofdripmi.com,No,Not Contacted,2026-04-21
Xhibition — Contemporary Fashion & Exclusive Streetwear,Detroit,MI,USA,Midwest,@xhibition_,support@xhibition.co,,https://xhibition.co,No,Not Contacted,2026-04-21
Krispy Addicts: America's Dopest Clothing Boutique,Detroit,MI,USA,Midwest,@krispy_addicts,info@krispyaddicts.com,,https://krispyaddicts.com,No,Not Contacted,2026-04-21
Two 18 - Sneaker & Clothing Boutique,Detroit,MI,USA,Midwest,@shoptwo18,,,https://two18.com,No,Not Contacted,2026-04-21
City Man - America's Best Mens Streetwear Clothing Stores,Detroit,MI,USA,Midwest,,your@email.com,,https://citymanusa.com,No,Not Contacted,2026-04-21
The Restaurant Fashion Bistro,Detroit,MI,USA,Midwest,@therestaurantfb,,,https://therestaurantfashionbistro.com,No,Not Contacted,2026-04-21
Hypehouse,Detroit,MI,USA,Midwest,@hypehouse_royaloak,,,,No,Not Contacted,2026-04-21
Hype Stew Sneakers Detroit,Detroit,MI,USA,Midwest,@hypestew,hypestewdetroit@gmail.com,,https://hypestew.com,No,Not Contacted,2026-04-21
Six local spots to let your hypebeast flag fly,Detroit,MI,USA,Midwest,@metrotimes,letters@metrotimes.com,,https://metrotimes.com,No,Not Contacted,2026-04-21
SANA Detroit,Detroit,MI,USA,Midwest,@sanadetroit,intl-tel-input@19.5.6,,https://sanadetroit.com,No,Not Contacted,2026-04-21
Survived Streetwear,Detroit,MI,USA,Midwest,@survivedappareldetroit,,,https://survivedstreetwear.com,No,Not Contacted,2026-04-21
Popular Demand Clothing Store,Grand Rapids,MI,USA,Midwest,@populardemandstore,info@popular-demand.com,,https://popular-demand.com,No,Not Contacted,2026-04-21
Sonnys Sneaker Shop,Grand Rapids,MI,USA,Midwest,@sonnysgr,customersupport@sonnysgr.com,,https://sonnysgr.com,No,Not Contacted,2026-04-21
Premier,Grand Rapids,MI,USA,Midwest,@premierskate,numbro@2.3.1,,https://thepremierstore.com,No,Not Contacted,2026-04-21
Second Vibess: Reworked Vintage Clothing,Grand Rapids,MI,USA,Midwest,@second_vibess,core-js-bundle@3.2.1,,https://secondvibess.com,No,Not Contacted,2026-04-21
"Shakedown Street: Local Head Shop in Grand Rapids, MI",Grand Rapids,MI,USA,Midwest,@shakedownstreetinc,,,https://shakedowngr.com,No,Not Contacted,2026-04-21
"A.K. Rikk's | Luxury Clothing, Shoes & Accessories",Grand Rapids,MI,USA,Midwest,@akrikks,,,https://akrikks.com,No,Not Contacted,2026-04-21
Woodland Mall ::: Popular Demand,Grand Rapids,MI,USA,Midwest,@woodlandmall,info@populardemand.com.,,https://shopwoodlandmall.com,No,Not Contacted,2026-04-21
yearbook-huron_high_school-1974.pdf,Ann Arbor,MI,USA,Midwest,@dd1,d@z.s,,,No,Not Contacted,2026-04-21
TODAY CLOTHING,Ann Arbor,MI,USA,Midwest,@todayclothing,store@todayclothing.com,,https://todayclothing.com,No,Not Contacted,2026-04-21
Motivation Boutique,Ann Arbor,MI,USA,Midwest,@annarbor,info@annarbor.org,,https://annarbor.org,No,Not Contacted,2026-04-21
8 Men's Boutiques Around Ann Arbor,Ann Arbor,MI,USA,Midwest,@current_mag,,,https://ecurrent.com,No,Not Contacted,2026-04-21
Motivation - Ann Arbor,Ann Arbor,MI,USA,Midwest,@mtvtn,,,https://mtvtn.com,No,Not Contacted,2026-04-21
13 of Our Favorite Ann Arbor Area Clothing Boutiques,Ann Arbor,MI,USA,Midwest,,,,https://reinhartrealtors.com,No,Not Contacted,2026-04-21
"Ann Arbor Running Company - Shoes, Apparel and More",Ann Arbor,MI,USA,Midwest,@annarbor_rc,orders@annarborrunningcompany.com,,https://annarborrunningcompany.com,No,Not Contacted,2026-04-21
"Designer Shoe Store in Ann Arbor, MI Arborland Mall",Ann Arbor,MI,USA,Midwest,@dsw,customerservice@dsw.com,,https://stores.dsw.com,No,Not Contacted,2026-04-21
Limited edition retailer Supreme opens first Miami store,Miami,FL,USA,Southeast,@kbislandernews,info@islandernews.com,(305) 831 0176,https://islandernews.com,No,Not Contacted,2026-04-21
Patron of the New,Miami,FL,USA,Southeast,,,,https://patronofthenew.com,No,Not Contacted,2026-04-21
Vale,Miami,FL,USA,Southeast,@100,,,https://backdoormia.com,No,Not Contacted,2026-04-21
Streetwear Stores in Miami,Miami,FL,USA,Southeast,@shopenauer_official,,,,No,Not Contacted,2026-04-21
Orlando Store,Orlando,FL,USA,Southeast,@supremedetailingsuperstore,info@supremedetailingsuperstore.com,,https://supremedetailingsuperstore.com,No,Not Contacted,2026-04-21
"Overtime By Timeless· Orlando, FL",Orlando,FL,USA,Southeast,@timeless_orlando,,,,No,Not Contacted,2026-04-21
Shop The Lab: Shop All,Tampa,FL,USA,Southeast,,13e49d785d8d4f828038b6136f3b48ba@sentry.io,,https://shopthelab.square.site,No,Not Contacted,2026-04-21
Home - Val's Home Decor / Tampa's Premier Home Decor Store,Tampa,FL,USA,Southeast,@valshomedecor,valshomedecor@gmail.com,,https://valshomedecor.com,No,Not Contacted,2026-04-21
Downtown Tampa - Vale Health Kitchen,Tampa,FL,USA,Southeast,@valehealthykitchen,stephen@gointegral.co,,https://valehealthykitchen.com,No,Not Contacted,2026-04-21
VALE FOOD CO,Fort Lauderdale,FL,USA,Southeast,@valefoodco,ftl@valefoodco.com,,https://visitlauderdale.com,No,Not Contacted,2026-04-21
"Running Wild, Fort Lauderdale's Store for Runners and Walkers",Fort Lauderdale,FL,USA,Southeast,@runningwildftl,,,https://runningwild.com,No,Not Contacted,2026-04-21
8103 Clothing,Jacksonville,FL,USA,Southeast,@8103clothing,,,https://8103clothing.com,No,Not Contacted,2026-04-21
FAQ,Gainesville,FL,USA,Southeast,@valeforever.com,connect@valeforever.com,,https://valeforever.com,No,Not Contacted,2026-04-21
VALE FOOD COMPANY NOW OPEN AT BOCA CENTER,Boca Raton,FL,USA,Southeast,@bocacenter,eben@eyebytes.com,,https://bocacenter.com,No,Not Contacted,2026-04-21
Our Stores & Stockists,Boca Raton,FL,USA,Southeast,@thisisthegreat_,lido@thisisthegreat.com,,https://thisisthegreat.com,No,Not Contacted,2026-04-21
Etiquette Boutique,Boca Raton,FL,USA,Southeast,@layer,hello@etiquetteboutique.com,,https://etiquetteboutique.com,No,Not Contacted,2026-04-21
"New Supreme Boats for Sale in West Palm Beach, FL",West Palm Beach,FL,USA,Southeast,@RegalNautiqueOrlando,info@orlandonautiques.com,,https://orlandoboats.com,No,Not Contacted,2026-04-21
Ramon Puig Guayaberas,West Palm Beach,FL,USA,Southeast,@ramonpuigguayaberas,,,https://ramonpuig.com,No,Not Contacted,2026-04-21
FMB PALM BEACH LLC.,West Palm Beach,FL,USA,Southeast,@fmbpalmbeach,,,,No,Not Contacted,2026-04-21
Vale Lives,West Palm Beach,FL,USA,Southeast,@maisonguava,lou-rose@maisonguava.fr,,https://maisonguava.com,No,Not Contacted,2026-04-21
Valley,West Palm Beach,FL,USA,Southeast,@valleybank,encompassadmin@valley.com,,https://valley.com,No,Not Contacted,2026-04-21
Vera Bradley® - Stylish Bags & Accessories for Women,West Palm Beach,FL,USA,Southeast,@verabradley,,,https://verabradley.com,No,Not Contacted,2026-04-21
FY15 Fatalities and Catastrophes To Date,West Palm Beach,FL,USA,Southeast,@6_Ij,o@c.d,897-8477580,,No,Not Contacted,2026-04-21
Showroom Locator,West Palm Beach,FL,USA,Southeast,@thevalelondon,marketing@thevalelondon.co.uk,,https://thevalelondon.co.uk,No,Not Contacted,2026-04-21
Aston Martin DB12 Volante Palm Beach Edition,West Palm Beach,FL,USA,Southeast,@hypebeast,,,,No,Not Contacted,2026-04-21
"SUPREME DESIGNS, INC Reviews",Hialeah,FL,USA,Southeast,,,,https://homeadvisor.com,No,Not Contacted,2026-04-21
Supreme Cleaning Supply,Hialeah,FL,USA,Southeast,@gmail.con,,,,No,Not Contacted,2026-04-21
Vale Clothing Stores Miami,Hialeah,FL,USA,Southeast,@valelives,,,,No,Not Contacted,2026-04-21
"Miami, FL Townhomes for Rent under $2500",Hialeah,FL,USA,Southeast,,,,https://homes.com,No,Not Contacted,2026-04-21
"Vale & Ale Inc Hialeah, FL - filing information",Hialeah,FL,USA,Southeast,@bizprofilesplashes,,,https://bizprofile.net,No,Not Contacted,2026-04-21
Best streetwear stores in South Florida - Caplin News,Hialeah,FL,USA,Southeast,@caplin.news,caplinnews@gmail.com,,https://caplinnews.fiu.edu,No,Not Contacted,2026-04-21
Norwescon XI: PB,Coral Gables,FL,USA,Southeast,@Jbl,eg@s.t,,,No,Not Contacted,2026-04-21
Coral Gables Commercial Real Estate - Supreme CRE,Coral Gables,FL,USA,Southeast,@400,,,https://supremecommercialrealestate.com,No,Not Contacted,2026-04-21
Vale Jewelry - Handcrafted Fine Jewelry,Coral Gables,FL,USA,Southeast,,u003einfo@shopvale.com,,https://shopvale.com,No,Not Contacted,2026-04-21
Vilma Vales,Coral Gables,FL,USA,Southeast,,,,https://zillow.com,No,Not Contacted,2026-04-21
Best Streetwear |Purple Carpet Boutique,Coral Gables,FL,USA,Southeast,@miaminewtimes,calendar@miaminewtimes.com,,https://miaminewtimes.com,No,Not Contacted,2026-04-21
Artigiano Miami: The Finest in Men's Fashion – artigianomiami,Coral Gables,FL,USA,Southeast,@font,,,https://artigianomiami.com,No,Not Contacted,2026-04-21
Vale Lives Forever Store Locations,Wynwood,FL,USA,Southeast,@VALELIVES,,,,No,Not Contacted,2026-04-21
Mana Fashion Presents: Pop-Up VIP Preview,Wynwood,FL,USA,Southeast,@wynwoodmiami,,305 573-0371,https://ynwoodmiami.com,No,Not Contacted,2026-04-21
"Supreme Motor Sports in Fort Myers, FL",Fort Myers,FL,USA,Southeast,,,,https://carsforsale.com,No,Not Contacted,2026-04-21
Valet Living - Setting the Standard Since 1995,Fort Myers,FL,USA,Southeast,@valetliving,,,https://valetliving.com,No,Not Contacted,2026-04-21
"Rivian Support: Customer Service, FAQs & Contact Number",Fort Myers,FL,USA,Southeast,@rivianofficial,customerservice@rivian.com,,https://rivian.com,No,Not Contacted,2026-04-21
Sitemap,Fort Myers,FL,USA,Southeast,@verabradley,,,https://stores.verabradley.com,No,Not Contacted,2026-04-21
Available in-store now! Vale Tee - Medium @efrt.co Jeans,Fort Myers,FL,USA,Southeast,@efrt.co,,,,No,Not Contacted,2026-04-21
Hours & Directions - Fort Myers,Fort Myers,FL,USA,Southeast,@valwardcadillac,,,https://valwardautos.com,No,Not Contacted,2026-04-21
Trek Bike Shop of Fort Myers,Fort Myers,FL,USA,Southeast,@electra_bicycle,,800-585-8735,https://electra.trekbikes.com,No,Not Contacted,2026-04-21
Dealer Locator,Fort Myers,FL,USA,Southeast,@VolvoCE_NA,jcushman@pacwestmachinery.com,,https://volvoce.com,No,Not Contacted,2026-04-21
Peter Millar Store In Ft Myers,Fort Myers,FL,USA,Southeast,@brodeurcarvellfinemenswear,info@brodeurcarvell.com,,https://brodeurcarvell.com,No,Not Contacted,2026-04-21
Hayloft Western Wear,Fort Myers,FL,USA,Southeast,@hayloftwestern,hayloftwestern@yahoo.com,,https://hayloftwestern.com,No,Not Contacted,2026-04-21
Vale Gainesville,Gainesville,FL,USA,Southeast,@valefoodco_gnv,,,,No,Not Contacted,2026-04-21
Vale Food Co - Health food restaurant in Gainesville - Website,Gainesville,FL,USA,Southeast,,,,https://vale-food-co.weeblyte.com,No,Not Contacted,2026-04-21
Malgorzatas Eclectic Gallery & Boutique – Home,Gainesville,FL,USA,Southeast,@malgorzatas.com,,,https://malgorzatas.com,No,Not Contacted,2026-04-21
Sparkle Tallahassee,Tallahassee,FL,USA,Southeast,@sparkletallahassee,,,https://sparkletallahassee.com,No,Not Contacted,2026-04-21
Dealer Locator - Varilite,Sarasota,FL,USA,Southeast,@font,,,https://varilite.com,No,Not Contacted,2026-04-21
M2F Retailers,Sarasota,FL,USA,Southeast,,,,https://m2f.com,No,Not Contacted,2026-04-21
Popcycles,Sarasota,FL,USA,Southeast,@trekbikes,,800-585-8735,https://trekbikes.com,No,Not Contacted,2026-04-21
7Charge,Sarasota,FL,USA,Southeast,@7eleven,support@7charge.com,,https://7-eleven.com,No,Not Contacted,2026-04-21
Bus Tickets to Popular Destinations,Sarasota,FL,USA,Southeast,@greyhoundlines,,,https://greyhound.com,No,Not Contacted,2026-04-21
Lotus boutiques - Sarasota,Sarasota,FL,USA,Southeast,@lotusboutique,,,https://lotus-boutiques.myshopify.com,No,Not Contacted,2026-04-21
Qualité Los Angeles,Los Angeles,CA,USA,West,@qualitelosangeles,,,https://shopqualite.com,No,Not Contacted,2026-04-21
"Vale Clothing - Hoodie, Shirt, Shorts & Jeans",Los Angeles,CA,USA,West,,support@valeclothing.org,,https://valeclothing.org,No,Not Contacted,2026-04-21
Supreme West Hollywood,West Hollywood,CA,USA,West,@framepublishers,awards@frameweb.com,651-3701400,https://frameweb.com,No,Not Contacted,2026-04-21
James Perse Los Angeles,West Hollywood,CA,USA,West,,,,https://jamesperse.com,No,Not Contacted,2026-04-21
"Josh Chapman, Real Estate Agent",Fairfax,CA,USA,West,@compass,liz.kaiser@compass.com,,https://compass.com,No,Not Contacted,2026-04-21
Fabric Precuts,Fairfax,CA,USA,West,,,,https://hawthornesupplyco.com,No,Not Contacted,2026-04-21
BarbTailers,Fairfax,CA,USA,West,@thebarbshop,,,https://thebarbshop.com,No,Not Contacted,2026-04-21
Fairfax at Eastvale Square,Fairfax,CA,USA,West,,,,https://risewellhomes.com,No,Not Contacted,2026-04-21
Conifer Shop,Fairfax,CA,USA,West,@conifershop,,,https://conifershop.com,No,Not Contacted,2026-04-21
SHOP | FARIFAX CALIFORNIA,Fairfax,CA,USA,West,@fairfax_usa,focus-within-polyfill@5.0.9,,https://fairfaxcalifornia.com,No,Not Contacted,2026-04-21
Amazon's Supreme-Inspired Show Fairfax Opens Shop in LA,Fairfax,CA,USA,West,@adweek,terry.stanley@adweek.com,,https://adweek.com,No,Not Contacted,2026-04-21
"FOURTWOFOUR ON FAIRFAX, Los Angeles",Fairfax,CA,USA,West,@fourtwofouronfairfax,hello@trippin.com,,,No,Not Contacted,2026-04-21
A Look Inside eBay's Wear 'Em Out Fairfax Sneaker Pop-Up,Fairfax,CA,USA,West,@dotla,6b64f5cc8af542cbb920e0238864390a@sentry.io,,https://dot.la,No,Not Contacted,2026-04-21
EBay opens Wear 'Em Out pop-up sneaker store on Fairfax,Fairfax,CA,USA,West,@SpectrumNews1NC,,,https://spectrumlocalnews.com,No,Not Contacted,2026-04-21
Supreme Jewelry: Designed in Los Angeles by Jirair Kiladjian,Beverly Hills,CA,USA,West,@supremejewelry,,,https://supremejewelry.net,No,Not Contacted,2026-04-21
Beverly Hills,Beverly Hills,CA,USA,West,,,,https://boutiques.valentino.com,No,Not Contacted,2026-04-21
Beverly Hills Shopping & Stores,Beverly Hills,CA,USA,West,@lovebevhills,info@mindgruve.com,,https://lovebeverlyhills.com,No,Not Contacted,2026-04-21
San Francisco Bay Area Fashion Shops You Must Visit,San Francisco,CA,USA,West,@chameleonvtg,denim@selfedge.com,569.5054945,,No,Not Contacted,2026-04-21
Live Shows — WELCOME TO NIGHT VALE,San Francisco,CA,USA,West,@nightvaleofficial,,,https://elcometonightvale.com,No,Not Contacted,2026-04-21
Home | Santa Clara Valley Water,San Francisco,CA,USA,West,@scvwd,,,https://valleywater.org,No,Not Contacted,2026-04-21
No.3 Fine Jewelry: San Francisco • 2354 Polk Street,San Francisco,CA,USA,West,@no3.shop,,,https://shopno3.com,No,Not Contacted,2026-04-21
Privacy Policy,San Francisco,CA,USA,West,@edgevaleusa,,,https://edgevale.com,No,Not Contacted,2026-04-21
Find a Stockist,San Francisco,CA,USA,West,@ereperezcosmetics,online@ereperez.com,,https://ereperez.com,No,Not Contacted,2026-04-21
"Fashion Valley, San Diego, CA",San Diego,CA,USA,West,,,,https://urbanoutfitters.com,No,Not Contacted,2026-04-21
"Fashion Valley® - A Shopping Center In San Diego, CA - Simon",San Diego,CA,USA,West,@Fashionvalleyca,,,,No,Not Contacted,2026-04-21
Holy Haven VTG & Sneakers Store,San Diego,CA,USA,West,@thekickbacksd,,,,No,Not Contacted,2026-04-21
Melrose Showroom,Melrose,CA,USA,West,@valyousofa,melrose@valyoufurniture.com,,https://valyoufurniture.com,No,Not Contacted,2026-04-21
VALE FORVER NYC RETAIL – VALE NYC FLAGSHIP,New York City,NY,USA,Northeast,@font,,,https://nyc-valeforever.com,No,Not Contacted,2026-04-21
JC Vale Flagship Store – VALE JERSEY CITY,New York City,NY,USA,Northeast,@valeflagship,,,https://jc-valeforever.com,No,Not Contacted,2026-04-21
Hypebeast. Driving Culture Forward,New York City,NY,USA,Northeast,@hypebeast,,,,No,Not Contacted,2026-04-21
Atelier New York,New York City,NY,USA,Northeast,@keyframes,vue@2.6.10,,https://ateliernewyork.com,No,Not Contacted,2026-04-21
Blue Jeans – Top Streetwear Clothing Store in New York City,New York City,NY,USA,Northeast,@bluejeans.nyc,info@bluejeans.nyc,,https://bluejeans.nyc,No,Not Contacted,2026-04-21
2nd Street Dumbo for Designer Thrifts & Hypebeast Finds,Brooklyn,NY,USA,Northeast,@Lemon8,contact@lemon8-app.com,,https://lemon8-app.com,No,Not Contacted,2026-04-21
Aimé Leon Dore,Brooklyn,NY,USA,Northeast,@aimeleondore,search-insights@2.17.3,,https://aimeleondore.com,No,Not Contacted,2026-04-21
"Men's Tailored Casual Clothing, Sportswear and Accessories.",Brooklyn,NY,USA,Northeast,@thebkcircus.com,ny@thebkcircus.com,718 858 0919,https://thebkcircus.com,No,Not Contacted,2026-04-21
New York - Lower East Side,Lower East Side,NY,USA,Northeast,@thefrankieshop,custom-elements@1.0.0,,https://thefrankieshop.com,No,Not Contacted,2026-04-21
The Singular Lower East Side,Lower East Side,NY,USA,Northeast,,,,https://newyorksocialdiary.com,No,Not Contacted,2026-04-21
FAQ,Houston,TX,USA,Southwest,@valelives.htx,connect@valeforever.com,,https://htx-valeforever.com,No,Not Contacted,2026-04-21
HypeBeast GarSal LLC,Houston,TX,USA,Southwest,@hypebeastgarsal,,,,No,Not Contacted,2026-04-21
"Contact Our Dallas, TX Office",Dallas,TX,USA,Southwest,@wearebrightfire,,(469) 458-0024,https://tvaleg.com,No,Not Contacted,2026-04-21
Sneaker Haven,Dallas,TX,USA,Southwest,@keyframes,management@sneakerhaven.shop,,https://sneakerhaven.shop,No,Not Contacted,2026-04-21
"Private Selection· Dallas, TX",Dallas,TX,USA,Southwest,@prvt.selection,,,,No,Not Contacted,2026-04-21
FORTY FIVE TEN,Dallas,TX,USA,Southwest,,help@fortyfiveten.com,,https://fortyfiveten.com,No,Not Contacted,2026-04-21
"Sneaker Haven· Dallas, TX",Dallas,TX,USA,Southwest,@watterscreek,,,,No,Not Contacted,2026-04-21
Hutson Clothing Co.,Austin,TX,USA,Southwest,@HutsonClothing.com,micah@micahrich.com,,https://hutsonclothing.com,No,Not Contacted,2026-04-21
"Olivia Vale - Austin , 78746 Real Estate Agent",Austin,TX,USA,Southwest,,,,https://realtor.com,No,Not Contacted,2026-04-21
"Robert Vale spirit wear, San Antonio, TX, Stingrays",San Antonio,TX,USA,Southwest,,,,https://1stplacespiritwear.com,No,Not Contacted,2026-04-21
94 Vintage•Sneakers,Fort Worth,TX,USA,Southwest,@94vintagestore,,,,No,Not Contacted,2026-04-21
Repeat Atlanta – Repeat ATL,Atlanta,GA,USA,Southeast,@repeatatlanta,,,https://repeatatlanta.com,No,Not Contacted,2026-04-21
Vale Lives Zip Hoodie | Verus ATL,Atlanta,GA,USA,Southeast,@example.org,,,https://attic.city,No,Not Contacted,2026-04-21
Sixth Ave,Atlanta,GA,USA,Southeast,@6xth.ave,,,https://shopsixthave.com,No,Not Contacted,2026-04-21
VERSUS ATL,Atlanta,GA,USA,Southeast,@vsatl,,,https://vsatl.com,No,Not Contacted,2026-04-21
BLK FRVR | Atlanta bred & based Streetwear,Atlanta,GA,USA,Southeast,@blkfrvr,thespokenwood@gmail.com,,https://blkfrvr.com,No,Not Contacted,2026-04-21
Atlanta Streetwear Market,Atlanta,GA,USA,Southeast,@atlantastreetwearmarket,,,https://atlantastreetwearmarket.com,No,Not Contacted,2026-04-21
Endless Supply,Chicago,IL,USA,Midwest,@endlesssupply,,,https://endlesssupply.com,No,Not Contacted,2026-04-21
Vale Lives Chicago Store,Chicago,IL,USA,Midwest,@VALELIVES,,,,No,Not Contacted,2026-04-21
New arrivals from VALE now available in store @valelives,Chicago,IL,USA,Midwest,@valelives,,,,No,Not Contacted,2026-04-21
Valley Forever Store Locations,Las Vegas,NV,USA,West,@sun_kenm,,,,No,Not Contacted,2026-04-21
The Shops at Wynn & Encore,Las Vegas,NV,USA,West,@wynnlasvegas,,,https://ynnlasvegas.com,No,Not Contacted,2026-04-21
Seattle Premium Outlets®,Seattle,WA,USA,West,@seattlepo,,,https://premiumoutlets.com,No,Not Contacted,2026-04-21
Suunto Service Centers & Authorized Battery Change Points,Seattle,WA,USA,West,@tiendatiburonlibre,info@gergert.kg,855 258 0900,https://suunto.com,No,Not Contacted,2026-04-21
Local schools honored as Washington Distinguished Schools,Seattle,WA,USA,West,@4newsnow,news4@kxly.com,,https://kxly.com,No,Not Contacted,2026-04-21
Independent bookstores are key to Seattle's literary scene,Seattle,WA,USA,West,@SeattleOTC,info@greaterseattleonthecheap.com,,https://greaterseattleonthecheap.com,No,Not Contacted,2026-04-21
retail vale,Seattle,WA,USA,West,@retailvaleshop,,,,No,Not Contacted,2026-04-21
Fantagraphics Bookstore & Gallery,Seattle,WA,USA,West,@fantagraphics,cohen@fantagraphics.com,,https://fantagraphics.com,No,Not Contacted,2026-04-21
Oklahoma City,Oklahoma City,OK,USA,Southwest,@supremeroofingdoneright,,,https://supremeroofing.com,No,Not Contacted,2026-04-21
Uniting to Save and Sustain Lives | Baxter,Oklahoma City,OK,USA,Southwest,,,,https://baxterhealthcare.com.au,No,Not Contacted,2026-04-21
SHIMANO BIKE HOME,Oklahoma City,OK,USA,Southwest,,,,https://bike.shimano.com,No,Not Contacted,2026-04-21
Thales Group: Building a future,Oklahoma City,OK,USA,Southwest,,,,https://thalesgroup.com,No,Not Contacted,2026-04-21
Read Customer Service Reviews of valeforever.com,Oklahoma City,OK,USA,Southwest,@trustpilot,businessunitprofile-consumersite@2.6570.0,,https://trustpilot.com,No,Not Contacted,2026-04-21
Garmin Official Site,Oklahoma City,OK,USA,Southwest,@garmin,,136 352.1428,https://garmin.com,No,Not Contacted,2026-04-21
Starbucks® Rewards account,Oklahoma City,OK,USA,Southwest,@starbucks,,,https://starbucks.com,No,Not Contacted,2026-04-21
"Vale Clothing Official | Streetwear Hoodies, T-Shirts & Essentials",Oklahoma City,OK,USA,Southwest,@supports,997ed588b4b24ed4b821c4194a72cce2@sentry.shoplazza.com,,https://valewears.com,No,Not Contacted,2026-04-21
Suppliers,Oklahoma City,OK,USA,Southwest,@valenobrasil,frontend-js-react-web@5.0.54,,https://vale.com,No,Not Contacted,2026-04-21
Variant Sneakers And Apparel,Oklahoma City,OK,USA,Southwest,@variantvault.co,,,,No,Not Contacted,2026-04-21
Uptown Cheapskate Tulsa | Resale & Thrift Clothing Store,Tulsa,OK,USA,Southwest,@uptowncheapskate,cure@bcfranchise.com,,https://uptowncheapskate.com,No,Not Contacted,2026-04-21
Wing Supreme,Tulsa,OK,USA,Southwest,@thewingsupreme,,,https://ingsupreme.com,No,Not Contacted,2026-04-21
Fabricut,Tulsa,OK,USA,Southwest,@fabricut,3c95bae9904047abb357eaa0bef097db@sentry.io,,https://fabricut.com,No,Not Contacted,2026-04-21
Locations,Tulsa,OK,USA,Southwest,@bucees,,,https://buc-ees.com,No,Not Contacted,2026-04-21
Shop All Departments,Tulsa,OK,USA,Southwest,@harborfreight,,,https://harborfreight.com,No,Not Contacted,2026-04-21
"Commercial Painting, Painting Services | Tulsa, OK",Tulsa,OK,USA,Southwest,,,(888) 507-7483,https://valepainting.com,No,Not Contacted,2026-04-21
"Tulsa, Oklahoma",Tulsa,OK,USA,Southwest,@store5a,,,https://store5a.com,No,Not Contacted,2026-04-21
Mining Industry,Little Rock,AR,USA,Southeast,@CXx,w@p.m,,,No,Not Contacted,2026-04-21
"SWM Mabelvale Plaza | Store in Little Rock, AR",Little Rock,AR,USA,Southeast,,,,https://gamestop.com,No,Not Contacted,2026-04-21
"Mablevale Plaza Shopping Center in Little Rock, AR",Little Rock,AR,USA,Southeast,@dollartree,,,https://locations.dollartree.com,No,Not Contacted,2026-04-21
E.Leigh's Boutique,Little Rock,AR,USA,Southeast,@eleighsboutique,,,https://shopeleighs.com,No,Not Contacted,2026-04-21
Clothing store,Little Rock,AR,USA,Southeast,@poundgamebell,,,,No,Not Contacted,2026-04-21
Remix Shoe Store Little Rock,Little Rock,AR,USA,Southeast,@remixshoe_littlerock,,,,No,Not Contacted,2026-04-21
Blythe Fayetteville Boutique,Fayetteville,AR,USA,Southeast,@buyblythe,,,https://buyblythe.com,No,Not Contacted,2026-04-21
"Tagged ""size-l"" - Dearborn",Detroit,MI,USA,Midwest,@kravat.menswear,kravatmenswear@gmail.com,,https://kravatmenswear.com,No,Not Contacted,2026-04-21
"Greyson Clothiers: Performance Golf, Lifestyle & Activewear",Detroit,MI,USA,Midwest,@greysonclothiers,info@greysonclothiers.com,,https://greysonclothiers.com,No,Not Contacted,2026-04-21
VALÉ | HOME,Detroit,MI,USA,Midwest,@valeinallcaps,,,https://valeinallcaps.com,No,Not Contacted,2026-04-21
Active NPDES Permits,Detroit,MI,USA,Midwest,@jPQ,,,https://michigan.gov,No,Not Contacted,2026-04-21
Three Thirteen Store: DETROITS BRAND NAME,Detroit,MI,USA,Midwest,@font,,,https://threethirteenstore.com,No,Not Contacted,2026-04-21
Burn Rubber Sneaker Boutique,Detroit,MI,USA,Midwest,@burnrubberdetroit,,,https://burnrubbersneakers.com,No,Not Contacted,2026-04-21
Green Vale Farm - Grand Haven Area,Grand Rapids,MI,USA,Midwest,@visitgrandhavenarea,green.vale.farm.creamery@gmail.com,,https://visitgrandhaven.com,No,Not Contacted,2026-04-21
Electra Vale Go! 9D EQ,Grand Rapids,MI,USA,Midwest,@TwitterTag,,,https://estmichiganbike.com,No,Not Contacted,2026-04-21
"Veurink's RV and Marine Center in Grand Rapids, MI",Grand Rapids,MI,USA,Midwest,@veurinksrv,,,https://veurinksrv.com,No,Not Contacted,2026-04-21
Popular Demand,Grand Rapids,MI,USA,Midwest,@populardemandstore,,,,No,Not Contacted,2026-04-21
Summit Lane Boutique,Grand Rapids,MI,USA,Midwest,@shop_summit_lane,,,https://shopsummitlane.com,No,Not Contacted,2026-04-21
No Limit,Grand Rapids,MI,USA,Midwest,@nolimit.gr,,,,No,Not Contacted,2026-04-21
Hollister Co. at Briarwood Mall - Ann Arbor - Simon,Ann Arbor,MI,USA,Midwest,@hollister,,,,No,Not Contacted,2026-04-21
Bivouac Ann Arbor,Ann Arbor,MI,USA,Midwest,@bivouacboutique,info@bivouacannarbor.com,,https://bivouacannarbor.com,No,Not Contacted,2026-04-21
Location Directory,Ann Arbor,MI,USA,Midwest,@vca,,,https://vcahospitals.com,No,Not Contacted,2026-04-21
"Value City Furniture - Furniture Stores in Ann Arbor, Michigan",Ann Arbor,MI,USA,Midwest,@furnituredotcom,customercenter@starfurniture.com,089.835.0562,https://furniture.com,No,Not Contacted,2026-04-21
"True Value Store Locations in Ann Arbor, Michigan",Ann Arbor,MI,USA,Midwest,,,734-663-8704,https://stores.truevalue.com,No,Not Contacted,2026-04-21
The Vapor Shoppe: Michigan's Top Vape and Smoke Shop,Ann Arbor,MI,USA,Midwest,@font,,,https://thevaporshoppeusa.com,No,Not Contacted,2026-04-21
