Store Name,City,State,Website,Email,Phone
SoleFly South Miami,Miami,FL,https://solefly.com,No,No
SoleFly Cutler Bay,Cutler Bay,FL,https://solefly.com,No,No
Survival Miami,Miami,FL,https://survivalmiami.com,info@survivalmiami.com,No
The Vault FL,Fort Lauderdale,FL,https://thevaultfl.com,No,No
SoleFly South Miami,Miami,FL,https://solefly.com,No,No
SoleFly Cutler Bay,Cutler Bay,FL,https://solefly.com,No,No
Survival Miami,Miami,FL,https://survivalmiami.com,No,No
The Vault FL,Fort Lauderdale,FL,https://thevaultfl.com,No,No
Men's Closet,Orlando,FL,https://mensclosetclothing.com,No,No
Aphonics Kicks (Florida Mall),Orlando,FL,https://www.aphonicss.com,Yes,No
Aphonics Kicks (Int'l Dr),Orlando,FL,https://www.aphonicss.com,Yes,No
Timeless Sneaker Boutique,Orlando,FL,https://www.simon.com/mall/the-florida-mall/stores/timeless-sneaker-boutique,No,No
Lovely Kickz Boutique,Orlando,FL,,No,No
Culture of Fame,Tampa,FL,https://cultureoffame.com,No,No
813 Designer World,Tampa,FL,https://813designerworld.com,No,No
FLY,Tampa,FL,,No,No
Entourage Streetwear,Tampa,FL,https://entouragestreetwear.com,No,No
Hotbins Tampa,Tampa,FL,https://hotbins.com,No,No
KickzR4Us Sneaker Boutique,Tampa,FL,,No,No
Hotbins Brandon,Brandon,FL,https://hotbins.com,No,No
Fresh Rags FL,Pinellas Park,FL,https://freshragsfl.com,No,No
Hotbins Holiday,Holiday,FL,https://hotbins.com,No,No
OG Unlaced Sneaker Store,Sarasota,FL,https://ogunlaced.com,No,No
Hotbins Sarasota,Sarasota,FL,https://hotbins.com,No,No
Urban Culture Boutique,Sarasota,FL,https://shopurbanculture.com,No,No
Graffiti SRQ,Sarasota,FL,https://graffitisrq.com,No,No
T. Georgiano's Boutique,Sarasota,FL,https://tgeorgianos.com,No,No
Verified Sneaker Boutique,Fort Myers,FL,https://www.verifiedfm.com,Yes,No
Hotbins Fort Myers,Fort Myers,FL,https://hotbins.com,No,No
Steps Shoe Retailer,Fort Myers,FL,https://stepsshoeretailer.com,No,No
Envyus Shop,Cape Coral,FL,,No,No
RDRNNR Curated,Cape Coral,FL,,No,No
Just Kicks,Cape Coral,FL,,No,No
Jsncustoms,Cape Coral,FL,,No,No
In-Stock Sneakers,Gainesville,FL,https://in-stocksneakers.com,Yes,Yes
Swag Shop,Gainesville,FL,,No,No
Hotbins Daytona Beach,Daytona Beach,FL,https://hotbins.com,No,No
Timeless Sneaker Boutique (The Avenues),Jacksonville,FL,https://timeless-sneakers.com,Yes,No
Timeless Sneaker Boutique (Orange Park),Orange Park,FL,https://timeless-sneakers.com,Yes,No
APB Sneaker + Apparel Boutique,Jacksonville,FL,https://apbstore.com,No,No
Soul2Sole,Jacksonville,FL,,No,No
Strange CVLT,Jacksonville,FL,https://strangecvlt.com,No,No
The Hype Section,St. Augustine,FL,,No,No
IN-STOCK Sneakers,Gainesville,FL,https://in-stocksneakers.com,No,No
City Gear,Tallahassee,FL,https://citygear.com,No,No
Hype Sneakers & Streetwear,Tallahassee,FL,,No,No
Backstage Boutique,Pensacola,FL,,No,No
Coastal Kicks,Fort Walton Beach,FL,https://shopcoastalkicks.com,No,No
Undefeated - La Brea,Los Angeles,CA,https://undefeated.com,No,Unknown
Undefeated - Silver Lake,Los Angeles,CA,https://undefeated.com,No,Unknown
Undefeated - UACTP,Los Angeles,CA,https://undefeated.com,No,Unknown
Undefeated - Santa Monica,Santa Monica,CA,https://undefeated.com,No,Unknown
Undefeated - Glendale,Glendale,CA,https://undefeated.com,No,Unknown
Blends - Downtown LA,Los Angeles,CA,https://blendsus.com,No,Unknown
Blends - Costa Mesa,Costa Mesa,CA,https://blendsus.com,No,Unknown
Blends - San Diego,San Diego,CA,https://blendsus.com,No,Unknown
Sportie LA,Los Angeles,CA,https://sportiela.com,No,Unknown
H Lorenzo,West Hollywood,CA,https://hlorenzo.com,No,Unknown
The Webster LA,Los Angeles,CA,https://thewebster.us,No,Unknown
Chrome Hearts LA,West Hollywood,CA,https://chromehearts.com,No,Unknown
Off The Hook SD,San Diego,CA,https://offthehooksd.com,No,Unknown
Anchor & Bridge,San Diego,CA,https://anchorandbridge.com,No,Unknown
Bodega Skateboards SD,San Diego,CA,,No,Unknown
Endemic Surf SD,San Diego,CA,https://endemicsurf.com,No,Unknown
HUF San Francisco,San Francisco,CA,https://hufworldwide.com,No,Unknown
FTC Skateboarding,San Francisco,CA,https://ftcskate.com,No,Unknown
DLX Superfunk,San Francisco,CA,https://dlxsf.com,No,Unknown
Archive SF,San Francisco,CA,https://archivesf.com,No,Unknown
Wasteland SF,San Francisco,CA,https://shopwasteland.com,No,Unknown
BnB Kicks Oakland,Oakland,CA,,No,Unknown
Sole Supremacy,San Jose,CA,https://solesupremacy.com,No,Unknown
Vans Venice Beach,Venice Beach,CA,https://vans.com,No,Unknown
Carnival Shoes,Los Angeles,CA,https://carnivalshoes.com,No,Unknown
Hoop City,Los Angeles,CA,,No,Unknown
Kitson Beverly Hills,Beverly Hills,CA,https://shopkitson.com,No,Unknown
Fred Segal Santa Monica,Santa Monica,CA,https://fredsegal.com,No,Unknown
New Era Flagship LA,Los Angeles,CA,https://neweracap.com,No,Unknown
Proper Footwear Long Beach,Long Beach,CA,https://proper.la,No,Unknown
The RealReal LA,Los Angeles,CA,https://therealreal.com,No,Unknown
Gauntlet Gallery,Los Angeles,CA,,No,Unknown
Feature LV Chinatown,Las Vegas,NV,https://feature.com,No,No
Feature at Wynn Las Vegas,Las Vegas,NV,https://feature.com,No,No
Fruition Las Vegas,Las Vegas,NV,https://www.fruitionlv.com,No,No
Urban Necessities Las Vegas,Las Vegas,NV,https://urbannecessities.com,No,No
BAIT Las Vegas,Las Vegas,NV,https://www.baitme.com,No,No
Waves Las Vegas,Las Vegas,NV,https://wearewaves.com,No,No
Keep New York Everywhere LV,Las Vegas,NV,https://keepnewyorkeverywhere.com,No,No
DTLV Collective,Las Vegas,NV,https://dtlvcollective.com,No,No
Culture Kings Las Vegas,Las Vegas,NV,https://www.culturekings.com,No,No
Hype Exclusive LV,Las Vegas,NV,,No,No
LV Kicks 702,Las Vegas,NV,,No,No
Feature Summerlin,Summerlin,NV,https://feature.com,No,No
Kicks Henderson,Henderson,NV,,No,No
Fresh Kicks North Las Vegas,North Las Vegas,NV,,No,No
Sneaker Pawn Reno,Reno,NV,,No,No
Limited Reno,Reno,NV,,No,No
Kicks Paradise LV,Paradise,NV,,No,No
Sole Food Vegas,Las Vegas,NV,,No,No
WaveRunner LV,Las Vegas,NV,,No,No
Street Force ABQ,Albuquerque,NM,,No,No
Vault ABQ,Albuquerque,NM,,No,No
Culture ABQ 505,Albuquerque,NM,,No,No
ABQ Kicks,Albuquerque,NM,,No,No
Urban Threads Nob Hill ABQ,Albuquerque,NM,,No,No
The Shop ABQ,Albuquerque,NM,,No,No
New Mexico Dry Goods,Albuquerque,NM,https://www.nmdrygoods.com,No,No
Sole ABQ,Albuquerque,NM,,No,No
Duke City Kicks,Albuquerque,NM,,No,No
Kicks 505 ABQ,Albuquerque,NM,,No,No
Supply and Demand Santa Fe,Santa Fe,NM,,No,No
Thread Santa Fe,Santa Fe,NM,,No,No
Kicks Rio Rancho,Rio Rancho,NM,,No,No
Sole-idarity Las Cruces,Las Cruces,NM,,No,No
Urban Native Las Cruces,Las Cruces,NM,,No,No
Kicks Roswell,Roswell,NM,,No,No
Step Up Farmington,Farmington,NM,,No,No
Taos Shoe Company,Taos,NM,https://www.taosshoeco.com,No,No
Wired Taos,Taos,NM,,No,No
Supply and Demand ABQ,Albuquerque,NM,,No,No
Nob Hill Sneakers,Albuquerque,NM,,No,No
BAIT Denver Blake St,Denver,CO,https://www.baitme.com,No,No
Sole Street Shoes Denver,Denver,CO,,No,No
Colfax Athletic Denver,Denver,CO,,No,No
The Shoebox Denver,Denver,CO,,No,No
Fresh Denim Denver,Denver,CO,,No,No
Level Denver,Denver,CO,,No,No
Kicker Denver RiNo,Denver,CO,,No,No
Aviator Nation Cherry Creek,Denver,CO,https://aviatornation.com,No,No
Denver Kicks,Denver,CO,,No,No
Oak Street Bootmakers Denver,Denver,CO,https://www.oakstreetbootmakers.com,No,No
Innersection Boulder,Boulder,CO,,No,No
Weekends Boutique Boulder,Boulder,CO,,No,No
Western Slope Kicks Boulder,Boulder,CO,,No,No
Sneaker Box Colorado Springs,Colorado Springs,CO,,No,No
The Hive Fort Collins,Fort Collins,CO,,No,No
Vault Kicks Centennial,Centennial,CO,,No,No
Fresh Kicks Commerce City,Commerce City,CO,,No,No
TopShelf SLC,Salt Lake City,UT,https://topshelfslc.com,No,No
FICE Gallery SLC,Salt Lake City,UT,https://www.ficegallery.com,No,No
Doused Shop SLC,Salt Lake City,UT,,No,No
The Salty Sole SLC,Salt Lake City,UT,,No,No
Utah Threads SLC,Salt Lake City,UT,,No,No
KOI Clothing SLC,Salt Lake City,UT,https://koiclothing.com,No,No
Kicks On Fire SLC,Salt Lake City,UT,,No,No
Sole Collective SLC,Salt Lake City,UT,,No,No
The Vault Provo,Provo,UT,,No,No
Sneaker Attic Provo,Provo,UT,,No,No
Kicks Orem,Orem,UT,,No,No
Street Kicks Sandy,Sandy,UT,,No,No
Fresh Kicks Ogden,Ogden,UT,,No,No
Kicks St George,St. George,UT,,No,No
Taylorsville Sneakers,Taylorsville,UT,,No,No
LIKELIHOOD Seattle,Seattle,WA,https://likelihood.us,No,No
BAIT Seattle Capitol Hill,Seattle,WA,https://www.baitme.com,No,No
Goods Store Seattle,Seattle,WA,,No,No
Haven Seattle,Seattle,WA,,No,No
Sole Food Seattle,Seattle,WA,,No,No
Crane and Lion Seattle,Seattle,WA,https://craneandlion.com,No,No
Trophy Sneakers Seattle,Seattle,WA,,No,No
NAVIS Seattle,Seattle,WA,https://navis-workwear.com,No,No
Limited Addition Seattle,Seattle,WA,,No,No
Kicks Spokane,Spokane,WA,,No,No
The Sneaker Exchange Spokane,Spokane,WA,,No,No
Kicks Kirkland,Kirkland,WA,,No,No
Bellingham Kicks,Bellingham,WA,,No,No
Nike Redmond Town Center,Redmond,WA,https://www.nike.com,No,No
"Designers Closet - A Shopping Center in Jacksonville, FL",Jacksonville,Florida,https://www.simon.com/mall/the-avenues/stores/designers-closet,,
Timeless Sneaker Boutique at The Avenues - Jacksonville,Jacksonville,Florida,https://www.simon.com/mall/the-avenues/stores/timeless-sneaker-boutique,,
5+ of the Top Boutiques in Jacksonville,Jacksonville,Florida,https://www.unation.com/stuff-to-do/boutiques-in-jacksonville/?srsltid=AfmBOoqeELCCNT0uFOrdfSR4MPUzj3capN14pwm6YHumQEe6Bl3Swqea,,
Town Center At Boca Raton - Hollister Stores,Boca Raton,Florida,https://www.hollisterco.com/shop/us/clothing-stores/US/BocaRaton/FL/30412,,
Brands at Town Center at Boca Raton® - Simon,Boca Raton,Florida,https://www.simon.com/brands/center/town-center-at-boca-raton,,
Supreme Motors,Boca Raton,Florida,https://www.blvd.com/wheelchair-van-dealers/supreme-motors,,118-1607369
"Supreme Deals Inc Company Profile | Boca Raton, Florida",Boca Raton,Florida,https://www.dnb.com/business-directory/company-profiles.supreme_deals_inc.b3c0a85f08df1ec10714e8f571593872.html,,
Find a store,Boca Raton,Florida,https://www.rhone.com/store-locator/?srsltid=AfmBOoo5pl2MaoztfCxNW4_gS2KJRTpnmY6LKNwdswxjax2Xmr-NIXnR,,
The Boca Raton,Boca Raton,Florida,https://www.rhone.com/locations/the-boca-raton/?srsltid=AfmBOoriSPYTDg7JfVUFVZuTlr_uL8KHjW2B2jDLTsC07V-CjNn8ZV7X,,
"Edikted - A Shopping Center in Boca Raton, FL - Simon",Boca Raton,Florida,https://www.simon.com/mall/town-center-at-boca-raton/stores/edikted,,
"Request Boutique - A Shopping Center in Boca Raton, FL",Boca Raton,Florida,https://www.simon.com/mall/town-center-at-boca-raton/stores/request-boutique,,
"Wish & Shoes Boca Raton, Florida",Boca Raton,Florida,https://www.wishandshoes.com/wish-shoes-boca-raton-florida/,,
RH West Palm,West Palm Beach,Florida,https://rh.com/us/en/westpalm,,
Discovering the Finest Boutiques in West Palm Beach,West Palm Beach,Florida,https://www.theberkeleypalmbeach.com/discovering-the-finest-boutiques-in-west-palm-beach/,,
https://impossiblekicks.com/?utm_source=gmb_palmbe...,West Palm Beach,Florida,https://impossiblekicks.com/?utm_source=gmb_palmbeach&utm_medium=organic&srsltid=AfmBOoqJX1FCAYSQsx3XMlE70RL5iJzHki6qcMRR79YdXssMIet4i2Xw,,
Miami International Mall - Hollister Stores,Hialeah,Florida,https://www.hollisterco.com/shop/us/clothing-stores/US/Miami/FL/30419,,
the shoppes of highland,Hialeah,Florida,https://www.famousfootwear.com/stores/fl/hialieah/33018/the-shoppes-of-highland-03631,,
"Teen Mall Jobs, Employment in Hollywood, FL",Coral Gables,Florida,"https://www.indeed.com/q-teen-mall-l-hollywood,-fl-jobs.html",,
Hellstar® | Official Hellstar Clothing Store | Shop Now,Wynwood,Florida,https://hellstars-store.com/,,
wynwoodtribe – Opening Soon,Wynwood,Florida,https://www.wynwoodtribe.com/?srsltid=AfmBOoqI7BXw8oROKxTqPRodHx_eZWKPLKCxUFepzZUwULMDkaDT3x8z,,1614306724
A Look Inside LeBron James' New UNKNWN Store in Miami,Wynwood,Florida,https://hypebeast.com/2019/12/unknwn-wynwood-miami-store-opening-info,,
Coconut Point - Hollister Stores,Fort Myers,Florida,https://www.hollisterco.com/shop/us/clothing-stores/US/Estero/FL/30509,,
"About Supreme Motor Sports in Fort Myers, FL",Fort Myers,Florida,https://www.suprememotorsportsfl.com/about,,
"Contact Supreme Motor Sports in Fort Myers, FL",Fort Myers,Florida,https://www.suprememotorsportsfl.com/contact,,
"Men's Wearhouse Locations in Fort Myers, FL",Fort Myers,Florida,https://www.menswearhouse.com/store-locator/fl/fort-myers?srsltid=AfmBOorQNHrTm9JnqMtligwrt7v-oQ_0NInQN0X_fQl6CauHzZZi__Jm,,
"Fort Myers, FL Store: Surf Apparel & Accessories",Fort Myers,Florida,https://www.ronjonsurfshop.com/locations/fort-myers-fl?srsltid=AfmBOopqPErhgjUUqCzuDZTu4qT31tuv_WeZJx3LbG2HrRjTP6cI37uW,,
All Stores | HollisterCo.com,Gainesville,Florida,https://www.hollisterco.com/shop/ViewAllStoresDisplayView?storeId=10251&catalogId=10201&langId=-1,,
Shop - Hellstar Clothing,Gainesville,Florida,https://hellstarstores.us/shop/,,
"Research, Demonstration, Training, and Fellowship Awards",Gainesville,Florida,https://nepis.epa.gov/Exe/ZyPURL.cgi?Dockey=91008WQ0.TXT,,
Family-owned 3 AM streetwear store opens in Oaks Mall,Gainesville,Florida,https://www.gainesville.com/story/business/economy/2014/08/29/family-owned-3-am-streetwear-store-opens-in-oaks-mall/31220900007/,,
All - Shop,Tallahassee,Florida,https://us.supreme.com/collections/all,,9196302747
Store Locations - Help Center,Tallahassee,Florida,https://www.supremecommunity.com/help/stores/,,
New Build-A-Bear points to a shift toward youth,Sarasota,Florida,https://www.heraldtribune.com/story/news/2007/07/04/new-build-a-bear-points-to-a-shift-toward-youth/28563356007/,,
Find a Dura Supreme Showroom,Sarasota,Florida,https://www.durasupreme.com/find-a-showroom/,,
"Ready, Set, Shop! Sarasota shopping districts",Sarasota,Florida,https://www.visitsarasota.com/blog/ready-set-shop-sarasota-shopping-districts,,
"The Ultimate Insider's Guide: Boutiques in Sarasota, Florida",Sarasota,Florida,https://www.jaguarsarasota.com/the-ultimate-insiders-guide-boutiques-in-sarasota-florida/,,
3 Days of Streetwear and LA Team Gear,Los Angeles,California,https://www.discoverlosangeles.com/things-to-do/los-angeles-streetwear-sports-shopping,,
LA Sneaker Stores - Los Angeles,Los Angeles,California,https://sneakernews.com/sneaker-shopping-guide/la-sneaker-stores/,,
Hellstar Records Hollywood CA Graphic T Shirt Men's XL White,West Hollywood,California,https://www.ownthespread.com/products/11182665/,,
The Ultimate Guide to Shopping in West Hollywood,West Hollywood,California,https://www.visitwesthollywood.com/stories/ultimate-west-hollywood-shopping-guide/,,
Shopping in West Hollywood,West Hollywood,California,https://www.visitwesthollywood.com/experiences/shopping-design/,,
Best sneaker shops in LA - California Forum,West Hollywood,California,https://www.tripadvisor.ie/ShowTopic-g28926-i29-k11226279-Best_sneaker_shops_in_LA-California.html,,
Best Streetwear Shop,Fairfax,California,https://www.laweekly.com/best-streetwear-shop-2/,,
Blends Opens a New Beverly Hills Location,Beverly Hills,California,https://hypebeast.com/2015/3/blends-opens-a-new-beverly-hills-location,,
"Los Angeles City Guide: Coffee, Art, Cheap Eats",Beverly Hills,California,https://hypebeast.com/2016/8/los-angeles-city-guide-hypebeast,,
Inside Louis Vuitton's Rodeo Drive Temporary Residency,Beverly Hills,California,https://hypebeast.com/2021/2/louis-vuitton-temporary-residency-rodeo-drive-beverly-hills-store,,
Peek inside Supreme's San Francisco store,San Francisco,California,https://thespaces.com/supreme-san-francisco/,,
Wilkes Bashford - Mitchell Stores,San Francisco,California,https://wilkesbashford.mitchellstores.com/,,
The City Guide to San Francisco,San Francisco,California,https://hypebeast.com/2019/4/san-francisco-things-to-do-guide-restaurants-shopping-museums-food,,
San Francisco Sneaker Stores - SneakerNews.com,San Francisco,California,https://sneakernews.com/sneaker-shopping-guide/san-francisco-sneaker-stores/,,
Market Street,San Francisco,California,https://www.shiekh.com/stores/sf-flagship?srsltid=AfmBOoq3G9wWBw3zgMrWBhKO6E0pwrW9kqvOt6Xdk_ckuwkey2PWFWHn,,
Shopping La Jolla Style - San Diego Tourism Authority,San Diego,California,https://www.sandiego.org/article/shopping-la-jolla-style,,
"Joyrich | Ccolorful, designer streetwear for men & women",Melrose,California,https://melroseavenue-shop.com/stores/joyrich.html,,1373120223
Clothing Archives,Melrose,California,https://melroseartsdistrict.com/directory-melrose/categories/clothing/,,
HBX New York City Flagship Store Opening Info,New York City,New York,https://hypebeast.com/2022/6/hbx-new-york-city-store-opening-41-division-street-inside-look,,
Where to go streetwear shopping in NYC [With Maps] | Soho ...,Soho,New York,https://backwardfashion.com/streetwear/nyc/,,
Hypebeast opening flagship store in Chinatown (and other ...,Lower East Side,New York,https://www.bizjournals.com/newyork/news/2022/06/16/hypebeast-opening-flagship-store-nyc-real-estate.html,,
Supreme Party Supplies,Houston,Texas,https://supremehouston.com/,,
Here are 7 Houston-based brands bringing streetwear ...,Houston,Texas,https://www.chron.com/culture/article/Here-7-Houston-brands-bringing-streetwear-back-16063321.php,,
The Cool Guy's Guide To Shopping in Dallas,Dallas,Texas,https://www.dmagazine.com/style-beauty-wellness/2025/06/the-cool-guys-guide-to-shopping-in-dallas/,,
Where to find San Antonio-made streetwear,San Antonio,Texas,https://www.expressnews.com/lifestyle/article/San-Antonio-sneakerhead-sports-his-own-clothing-13522360.php,,
The Fort Worth Boutique Guide,Fort Worth,Texas,https://thescoutguide.com/fort-worth/editorial/the-fort-worth-boutique-guide/,,
Supreme Chicago – Gallery,Chicago,Illinois,https://supreme.com/news/905/images,,(312) 300 0562
Supreme opens first Chicago store,Chicago,Illinois,"https://us.fashionnetwork.com/news/Supreme-opens-first-chicago-store,1462304.html",,
"Las Vegas Rave Shop | Streetwear, Festival Gear & Exotic ...",Las Vegas,Nevada,https://thedroplv.com/?srsltid=AfmBOooasGd290rtSKpZwBWyI_AOWD70NPFXQ8hMEY3joNtOaA7uGASo,,
Las Vegas Sneaker Stores - SneakerNews.com,Las Vegas,Nevada,https://sneakernews.com/sneaker-shopping-guide/las-vegas-sneaker-stores/,,
LIKELIHOOD Seattle Second Store Opening Info,Seattle,Washington,https://hypebeast.com/2022/10/likelihood-seattle-second-store-opening-info,,
Seattle Sneaker Stores - SneakerNews.com,Seattle,Washington,https://sneakernews.com/sneaker-shopping-guide/seattle-sneaker-stores/,,
10th St Sneaks,Oklahoma City,Oklahoma,https://10thstsneaks.biz/,,
Woodland Hills Mall,Tulsa,Oklahoma,https://www.hollisterco.com/shop/us/clothing-stores/US/Tulsa/OK/31415,,
Discover Luxury at Woodland Hills Mall - Tulsa - Simon,Tulsa,Oklahoma,https://www.simon.com/mall/woodland-hills-mall/luxury,,
The Tulsa Shopping Guide,Tulsa,Oklahoma,https://thescoutguide.com/tulsa/editorial/the-tulsa-shopping-guide-2/,,
Supreme Fixture Store,Little Rock,Arkansas,https://supremefixture.com/index.php/store/,,
Supreme Styles Barber & Beauty Supply Depot,Little Rock,Arkansas,https://www.vagaro.com/supremestylesbarberandbeautysupplies,,
Drip Clothing at McCain Mall - Simon,Little Rock,Arkansas,https://www.simon.com/mall/mccain-mall/stores/drip-clothing,,
House of Hype - Luxury Streetwear,Little Rock,Arkansas,https://houseofhype.co/,,
Hollister Co. at Briarwood Mall - Ann Arbor - Simon,Ann Arbor,Michigan,https://www.simon.com/mall/briarwood-mall/stores/hollister-co,,
Briarwood,Ann Arbor,Michigan,https://www.hollisterco.com/shop/us/clothing-stores/US/AnnArbor/MI/31987,,
"Order Supreme Cheesy Breads - Ann Arbor, MI ...",Ann Arbor,Michigan,https://www.doordash.com/store/supreme-cheesy-breads-ann-arbor-1614003/?srsltid=AfmBOorZtrIKO-gIjHghjG1nUb6vpewGOeD7ogNxnT0UnD73FOFOdzUv,,
13 of Our Favorite Ann Arbor Area Clothing Boutiques,Ann Arbor,Michigan,https://www.reinhartrealtors.com/blog/favorite-ann-arbor-area-clothing-boutiques/,,
All - Shop,Tampa,Florida,https://us.supreme.com/collections/all,,1421991361
"Shop Vale Forever - Premium Hoodies, Shirts, Jeans & Jackets",Tampa,Florida,https://valeforeverofficial.com/,,
"Order Vale Healthy Kitchen - Tampa, FL Menu Delivery ...",Tampa,Florida,https://www.doordash.com/en/store/vale-healthy-kitchen-tampa-739986/?srsltid=AfmBOorZijGQTIERHJBr-wpKoUYnN_CZUdm90yrxoF5Ose-uUGTezBH5,,
Vale Healthy Kitchen 420 North Federal Highway,Fort Lauderdale,Florida,https://order.online/store/vale-healthy-kitchen-federal-hwy-601624,,
"Vale Food Co Reviews - 420 N Federal Hwy, Fort ...",Fort Lauderdale,Florida,https://www.grubhub.com/restaurant/vale-food-co-420-n-federal-hwy-fort-lauderdale/1096039/reviews,,1744684421
Island Style: Luxury Fashion Boutique at Fort Lauderdale ...,Fort Lauderdale,Florida,https://islandstylefl.com/,,
Vape City: Home,Jacksonville,Florida,https://vapecity.us/,,
Vale Healthy Kitchen - Jacksonville,Jacksonville,Florida,https://www.doordash.com/store/vale-food-co.-jacksonville-470269/?srsltid=AfmBOopVMdcKcN0xQ-cP59gb10fnejq3Rb4dT5Cao0sBqtHUYNc1fBjk,,
"Designers Closet - A Shopping Center in Jacksonville, FL",Jacksonville,Florida,https://www.simon.com/mall/the-avenues/stores/designers-closet,,
Timeless Sneaker Boutique at The Avenues - Jacksonville,Jacksonville,Florida,https://www.simon.com/mall/the-avenues/stores/timeless-sneaker-boutique,,
Town Center At Boca Raton - Hollister Stores,Boca Raton,Florida,https://www.hollisterco.com/shop/us/clothing-stores/US/BocaRaton/FL/30412,,
"Robert Graham - A Shopping Center in Boca Raton, FL",Boca Raton,Florida,https://www.simon.com/mall/town-center-at-boca-raton/stores/robert-graham,,
Hellstar® | Official Hellstar Clothing Store | Shop Now,Boca Raton,Florida,https://hellstars-store.com/,,
Brands at Town Center at Boca Raton® - Simon,Boca Raton,Florida,https://www.simon.com/brands/center/town-center-at-boca-raton,,
"Supreme Deals Inc Company Profile | Boca Raton, Florida",Boca Raton,Florida,https://www.dnb.com/business-directory/company-profiles.supreme_deals_inc.b3c0a85f08df1ec10714e8f571593872.html,,
Supreme Motors,Boca Raton,Florida,https://www.blvd.com/wheelchair-van-dealers/supreme-motors,,118-1764695
The Boca Raton,Boca Raton,Florida,https://www.rhone.com/locations/the-boca-raton/?srsltid=AfmBOoq5F7faQWv-a3kFBNH9xXv22WF1Tgn3c836WBmmyj7p5tc1wXaj,,
"Order Vale Healthy Kitchen - Boca Raton, FL ...",Boca Raton,Florida,https://www.doordash.com/store/vale-healthy-kitchen-boca-raton-25754904/?srsltid=AfmBOopp3_9r_4IZjTzXkEmiOE5VA-4bbdyZfc4P7eexFUwOT00ul-vr,,
Order Vale Healthy Kitchen (Boca Raton) Delivery Online,Boca Raton,Florida,https://postmates.com/store/vale-healthy-kitchen-boca-raton/0bHelB6RW6q8xO4azlGmFQ,,
"Edikted - A Shopping Center in Boca Raton, FL - Simon",Boca Raton,Florida,https://www.simon.com/mall/town-center-at-boca-raton/stores/edikted,,
"Wish & Shoes Boca Raton, Florida",Boca Raton,Florida,https://www.wishandshoes.com/wish-shoes-boca-raton-florida/,,
"Request Boutique - A Shopping Center in Boca Raton, FL",Boca Raton,Florida,https://www.simon.com/mall/town-center-at-boca-raton/stores/request-boutique,,
"Ecolab: Water, Hygiene and Infection Prevention Solutions ...",West Palm Beach,Florida,https://www.ecolab.com/,,
Discovering the Finest Boutiques in West Palm Beach,West Palm Beach,Florida,https://www.theberkeleypalmbeach.com/discovering-the-finest-boutiques-in-west-palm-beach/,,
https://impossiblekicks.com/?utm_source=gmb_palmbe...,West Palm Beach,Florida,https://impossiblekicks.com/?utm_source=gmb_palmbeach&utm_medium=organic&srsltid=AfmBOoqWug9ZIatuvmGWVlG4VK9gwrQ7WUWm86yiEXWSgO9Srf6ZMrxz,,
Miami International Mall - Hollister Stores,Hialeah,Florida,https://www.hollisterco.com/shop/us/clothing-stores/US/Miami/FL/30419,,
"SUPREME DESIGNS, INC Reviews - Hialeah, FL",Hialeah,Florida,https://www.homeadvisor.com/rated.SUPREMEDESIGNSINC.143565877.html,,
"Research, Demonstration, Training, and Fellowship Awards",Hialeah,Florida,https://nepis.epa.gov/Exe/ZyPURL.cgi?Dockey=91008WQ0.TXT,,
Heather Elder - Greater Minneapolis-St. Paul Area,Hialeah,Florida,https://www.linkedin.com/in/heather-elder-8023901,,
"Ingram Micro Logistic Jobs, Employment",Hialeah,Florida,https://www.indeed.com/q-ingram-micro-logistic-jobs.html,,
"Miami, FL Townhomes for Rent under $2500",Hialeah,Florida,https://www.homes.com/miami-fl/townhouses-for-rent/under-2500/,,
the shoppes of highland,Hialeah,Florida,https://www.famousfootwear.com/stores/fl/hialieah/33018/the-shoppes-of-highland-03631,,
Merrick Park,Coral Gables,Florida,https://www.rhone.com/locations/merrick-park/?srsltid=AfmBOooCUJZ3BX6t9kPNV8ahQhiyVjzQJYf0zPIWC5awW-faT1T5eTmS,,
Welcome to Rhone® | Rhone,Coral Gables,Florida,https://www.rhone.com/?srsltid=AfmBOooizpo9kO5E2n0sQEQb7zh9etguZjX8xbw3Hmw3Ve1e7ch-dDRf,,
wynwoodtribe – Opening Soon,Wynwood,Florida,https://www.wynwoodtribe.com/?srsltid=AfmBOop34XaXhm6xh95xL4VH7YJARmFsSbgKu8TKIf_01aCeSoj2nRLu,,1614306724
A Look Inside LeBron James' New UNKNWN Store in Miami,Wynwood,Florida,https://hypebeast.com/2019/12/unknwn-wynwood-miami-store-opening-info,,
Coconut Point - Hollister Stores,Fort Myers,Florida,https://www.hollisterco.com/shop/us/clothing-stores/US/Estero/FL/30509,,
"About Supreme Motor Sports in Fort Myers, FL",Fort Myers,Florida,https://www.suprememotorsportsfl.com/about,,
"Supreme Motor Sports in Fort Myers, FL",Fort Myers,Florida,https://www.carsforsale.com/used-car-dealer/supreme-motor-sports-fort-myers-fl-d739307,,
"Contact Supreme Motor Sports in Fort Myers, FL",Fort Myers,Florida,https://www.suprememotorsportsfl.com/contact,,
"Men's Wearhouse Locations in Fort Myers, FL",Fort Myers,Florida,https://www.menswearhouse.com/store-locator/fl/fort-myers?srsltid=AfmBOoopQdvYpaJ8h_nwiE4tXZAJLp7SYapmLp7t-0K7jq1znIXH9ZN0,,
Stephen Calandrella - construction manager at Valley ...,Fort Myers,Florida,https://www.linkedin.com/in/stephen-calandrella-15722735,,
Vale Forever Clothing for Streetwear Looks ...,Fort Myers,Florida,https://valeforeverclothing.org/,,
"Fort Myers, FL Store: Surf Apparel & Accessories",Fort Myers,Florida,https://www.ronjonsurfshop.com/locations/fort-myers-fl?srsltid=AfmBOop90CHuUUb7Kyp-aic1yxlGSAupr8jpYcNdNPXPK1ztMfDtgSnZ,,
"Vale Opens New Store in Pinecrest, Florida",Gainesville,Florida,https://www.qsrmagazine.com/news/vale-opens-new-store-in-pinecrest-florida/,,
Vale Food Co: Fresh and Flavorful Healthy Eats in Gainesville ...,Gainesville,Florida,https://vale-food-co.menu-world.com/,,
Vale Healthy Kitchen 3841 Southwest Archer Road,Gainesville,Florida,https://order.online/store/ValeHealthyKitchen-470557,,
All Stores | HollisterCo.com,Tallahassee,Florida,https://www.hollisterco.com/shop/ViewAllStoresDisplayView?storeId=10251&catalogId=10201&langId=-1,,
Vale Healthy Kitchen - Tallahassee (Tennessee St),Tallahassee,Florida,https://classpass.com/studios/vale-healthy-kitchen-tallahassee-tennessee-st,,
New Build-A-Bear points to a shift toward youth,Sarasota,Florida,https://www.heraldtribune.com/story/news/2007/07/04/new-build-a-bear-points-to-a-shift-toward-youth/28563356007/,,
Miromar Outlets Mall | SWFL's Designer Brands Shopping ...,Sarasota,Florida,https://miromaroutlets.com/,,
Find a Dura Supreme Showroom,Sarasota,Florida,https://www.durasupreme.com/find-a-showroom/,,
"Vale Forever Clothing | Authentic Tees, Hoodies & More",Sarasota,Florida,https://vale-forever.org/,,
M2F Retailers,Sarasota,Florida,http://www.m2f.com/m2fretailers.html,,
"Vale Forever Hoodie - Zip Up Styles in Pink, Yellow & ...",Los Angeles,California,https://valeforeverhoodie.com/,,
3 Days of Streetwear and LA Team Gear,Los Angeles,California,https://www.discoverlosangeles.com/things-to-do/los-angeles-streetwear-sports-shopping,,
The Ultimate Guide to Shopping in West Hollywood,West Hollywood,California,https://www.visitwesthollywood.com/stories/ultimate-west-hollywood-shopping-guide/,,
A Look Inside Acne Studios' New West Hollywood Store,West Hollywood,California,https://hypebeast.com/2018/3/acne-studios-west-hollywood-store,,
"Los Angeles, West Hollywood | JACQUEMUS | Official Store",West Hollywood,California,https://www.jacquemus.com/en_us/store/losangeles.html,,
Hellstar | Hellstar Hoodie & Shirt | Official Website,Fairfax,California,https://hellstarwear.us/,,
Fabric Precuts,Fairfax,California,https://www.hawthornesupplyco.com/fabric-precuts?srsltid=AfmBOorgAurE5dVQUuxSkAZj0OSRTH-eUxgAr1UNz9wtIJ-azIJkNkn2,,
"Fairfax at Eastvale Square - New Houses in Eastvale, CA",Fairfax,California,https://risewellhomes.com/southern-california/inland-empire-new-homes/neighborhoods/fairfax-at-eastvale-square,,
Take a Look at the Grailed on Fairfax Installation,Fairfax,California,https://hypebeast.com/2016/12/grailed-on-fairfax-installation?amp=1,,
Beverly Hills,Beverly Hills,California,https://boutiques.valentino.com/en-us/united-states/valentino-beverly-hills-usa,,684135041
Blends Opens a New Beverly Hills Location,Beverly Hills,California,https://hypebeast.com/2015/3/blends-opens-a-new-beverly-hills-location,,
"Los Angeles City Guide: Coffee, Art, Cheap Eats",Beverly Hills,California,https://hypebeast.com/2016/8/los-angeles-city-guide-hypebeast,,
ASRV Private Event Beverly Hills Grand Opening,Beverly Hills,California,https://hypebeast.com/2022/3/asrv-spring-2022-collection-transcend-beverly-hills-grand-opening,,
Peek inside Supreme's San Francisco store,San Francisco,California,https://thespaces.com/supreme-san-francisco/,,
Wilkes Bashford - Mitchell Stores,San Francisco,California,https://wilkesbashford.mitchellstores.com/,,
The City Guide to San Francisco,San Francisco,California,https://hypebeast.com/2019/4/san-francisco-things-to-do-guide-restaurants-shopping-museums-food,,
San Francisco Sneaker Stores - SneakerNews.com,San Francisco,California,https://sneakernews.com/sneaker-shopping-guide/san-francisco-sneaker-stores/,,
Market Street,San Francisco,California,https://www.shiekh.com/stores/sf-flagship?srsltid=AfmBOopnbn076YykI3DlctBy6OCxyrNtSKE3O6fK__cewXLxouZBQTK2,,
"Fashion Valley, San Diego, CA",San Diego,California,https://www.urbanoutfitters.com/stores/urban-outfitters-fashion-valley,,
Dealer Locator,San Diego,California,https://locator.ttdealers.carrier.com/,,
Shopping La Jolla Style - San Diego Tourism Authority,San Diego,California,https://www.sandiego.org/article/shopping-la-jolla-style,,
"Vale Forever Clothing - Hoodie, Shirt, Shorts & Jeans ...",Melrose,California,https://valef.org/,,
Clothing Archives,Melrose,California,https://melroseartsdistrict.com/directory-melrose/categories/clothing/,,
New - Shop,New York City,New York,https://us.supreme.com/collections/new,,1421991361
HBX New York City Flagship Store Opening Info,New York City,New York,https://hypebeast.com/2022/6/hbx-new-york-city-store-opening-41-division-street-inside-look,,
About Us - Vale Forever Clothing,Brooklyn,New York,https://vale-forever.org/about-us/,,
Where to go streetwear shopping in NYC [With Maps] | Soho ...,Soho,New York,https://backwardfashion.com/streetwear/nyc/,,
Hypebeast opening flagship store in Chinatown (and other ...,Lower East Side,New York,https://www.bizjournals.com/newyork/news/2022/06/16/hypebeast-opening-flagship-store-nyc-real-estate.html,,
The Singular Lower East Side,Lower East Side,New York,https://www.newyorksocialdiary.com/the-singular-lower-east-side/,,
Dustin Lee - Vale Forever,Houston,Texas,https://www.linkedin.com/in/dustin-lee-994989235,,
Here are 7 Houston-based brands bringing streetwear ...,Houston,Texas,https://www.chron.com/culture/article/Here-7-Houston-brands-bringing-streetwear-back-16063321.php,,
The Cool Guy's Guide To Shopping in Dallas,Dallas,Texas,https://www.dmagazine.com/style-beauty-wellness/2025/06/the-cool-guys-guide-to-shopping-in-dallas/,,
Hype Shops That Sell Supreme Near Me TOP 10 BEST ...,San Antonio,Texas,https://fundacionblazer.org/?p=95656951041660,,
"Checkers & Rally's - Order Online | Burgers, Fries, Cola ...",San Antonio,Texas,https://checkersandrallys.com/,,
"Robert Vale spirit wear, San Antonio, TX, Stingrays",San Antonio,Texas,https://1stplacespiritwear.com/schools/TX/San%20Antonio/Robert%20Vale%20Middle%20School?srsltid=AfmBOoo9rAXIHsY8qfY237AjkjRTxawgckafGknN9sutZKwb7cUiMhLh,,1125899911
Hulen Mall - Hollister Stores,Fort Worth,Texas,https://www.hollisterco.com/shop/us/clothing-stores/US/Fort%20Worth/TX/30147,,
"Fort Worth, TX Store",Fort Worth,Texas,https://www.overland.com/stores/fort-worth-tx?srsltid=AfmBOore1MEGg3yTRbZt01OXSqddjvMLUjXLD8hqEbYHt738cX_dCVWb,,
The Fort Worth Boutique Guide,Fort Worth,Texas,https://thescoutguide.com/fort-worth/editorial/the-fort-worth-boutique-guide/,,
Contact Us - Hellstar,Atlanta,Georgia,https://officialhellstaar.com/contact-us/,,
Supreme Chicago – Gallery,Chicago,Illinois,https://supreme.com/news/905/images,,(312) 300 0562
Supreme opens first Chicago store,Chicago,Illinois,"https://us.fashionnetwork.com/news/Supreme-opens-first-chicago-store,1462304.html",,
Take a Look Inside Supreme's New Chicago Store,Chicago,Illinois,https://hypebae.com/2022/11/supreme-chicago-store-opening-images-location-info,,
"Las Vegas Rave Shop | Streetwear, Festival Gear & Exotic ...",Las Vegas,Nevada,https://thedroplv.com/?srsltid=AfmBOopkIrXpY26mz0rkpM9rKoQIGXHJ3448JFo3ZvQHEAcJarsWv54P,,
Las Vegas Sneaker Stores - SneakerNews.com,Las Vegas,Nevada,https://sneakernews.com/sneaker-shopping-guide/las-vegas-sneaker-stores/,,
Hellstar Clothing | Hellstar Official Website | UP To 35% Off,Seattle,Washington,https://hellstarstores.us/,,
Seattle Sneaker Stores - SneakerNews.com,Seattle,Washington,https://sneakernews.com/sneaker-shopping-guide/seattle-sneaker-stores/,,
Uniting to Save and Sustain Lives | Baxter,Oklahoma City,Oklahoma,https://www.baxterhealthcare.com.au/,,6285848631
SHIMANO BIKE HOME,Oklahoma City,Oklahoma,https://bike.shimano.com/home.html,,
Thales Group: Building a future,Oklahoma City,Oklahoma,https://www.thalesgroup.com/en,,
10th St Sneaks,Oklahoma City,Oklahoma,https://10thstsneaks.biz/,,
FRESH at Penn Square Mall - Oklahoma City - Simon,Oklahoma City,Oklahoma,https://www.simon.com/mall/penn-square-mall/stores/fresh,,
Ten Toes Tulsa at Woodland Hills Mall,Tulsa,Oklahoma,https://www.simon.com/mall/woodland-hills-mall/stores/ten-toes-tulsa,,
Store Directory for Woodland Hills Mall - Simon,Tulsa,Oklahoma,https://www.simon.com/mall/woodland-hills-mall/stores,,
SCHEELS at Woodland Hills Mall - Tulsa - Simon,Tulsa,Oklahoma,https://www.simon.com/mall/woodland-hills-mall/stores/scheels,,
Woodland Hills Mall,Tulsa,Oklahoma,https://www.hollisterco.com/shop/us/clothing-stores/US/Tulsa/OK/31415,,
Dior,Tulsa,Oklahoma,https://www.saksfifthavenue.com/c/content/designer-landing-pages/dior-landing,,
"Men's Wearhouse in Tulsa, E 71St St",Tulsa,Oklahoma,https://www.menswearhouse.com/store-locator/1251?srsltid=AfmBOorTtUq3uLt3M2okbyk_LQgGCi3MNX9CMACCvcM0NY_k1DrMBxcC,,
"Vale Painting Company, Inc. | Tulsa, OK",Tulsa,Oklahoma,https://www.procore.com/network/p/vale-painting-company-inc-tulsa,,
"Commercial Painting, Painting Services | Tulsa, OK",Tulsa,Oklahoma,http://www.valepainting.com/,,(888) 507-7483
The Tulsa Shopping Guide,Tulsa,Oklahoma,https://thescoutguide.com/tulsa/editorial/the-tulsa-shopping-guide-2/,,
Supreme Fixture Store,Little Rock,Arkansas,https://supremefixture.com/index.php/store/,,
Supreme Styles Barber & Beauty Supply Depot,Little Rock,Arkansas,https://www.vagaro.com/supremestylesbarberandbeautysupplies,,
"VALENTINE HANSEN - LITTLE ROCK, 72227-2496 Real ...",Little Rock,Arkansas,https://www.realtor.com/realestateagents/5673495dbb954c0100676d42,,
Restock AR Vale Forever Classic Rugby L/S Tee Green,Little Rock,Arkansas,https://shop.app/products/11999910691134/vale-forever-classic-rugby-l-s-tee-green,,
"SWM Mabelvale Plaza | Store in Little Rock, AR",Little Rock,Arkansas,https://www.gamestop.com/store/us/ar/little-rock/6540/swm-mabelvale-plaza-gamestop,,
House of Hype - Luxury Streetwear,Little Rock,Arkansas,https://houseofhype.co/,,
Drip Clothing at McCain Mall - Simon,Little Rock,Arkansas,https://www.simon.com/mall/mccain-mall/stores/drip-clothing,,
Hollister Stores - Woodland Mall,Grand Rapids,Michigan,https://www.hollisterco.com/shop/us/clothing-stores/us/grandrapids/mi/30516,,
"Retail & Wholesale Companies in La Vale, MD",Grand Rapids,Michigan,"https://www.indeed.com/companies/best-Retail-&-Wholesale-companies-in-La-Vale,-MD",,
"4352 Valley Vale Dr NE, Grand Rapids, MI 49525",Grand Rapids,Michigan,https://www.zillow.com/homedetails/4352-Valley-Vale-Dr-NE-Grand-Rapids-MI-49525/23764290_zpid/,,
Briarwood,Ann Arbor,Michigan,https://www.hollisterco.com/shop/us/clothing-stores/US/AnnArbor/MI/31987,,
"Order Supreme Cheesy Breads - Ann Arbor, MI ...",Ann Arbor,Michigan,https://www.doordash.com/store/supreme-cheesy-breads-ann-arbor-1614003/?srsltid=AfmBOopqk2uf57k60g6ZlJgy3eL2bQCKR07tnA8vD8ZG38QGhPCaWuB5,,
